label,p_v_artifact,p_a_artifact,p_v_emotion,p_a_emotion,label_int,artifact_or,emotion_or,4way_or_final,pred_final,correct
0,0.0,0.0,1.6,35.01,0,0.0,36.05,36.05,0,1
0,0.0,0.0,12.1,55.85,0,0.0,61.19,61.19,1,0
0,0.01,0.0,8.37,32.81,0,0.01,38.43,38.44,0,1
0,0.0,0.0,2.73,45.48,0,0.0,46.97,46.97,0,1
0,0.0,0.0,27.99,46.77,0,0.0,61.67,61.67,1,0
0,0.01,0.0,10.19,33.2,0,0.01,40.01,40.01,0,1
0,0.0,0.0,23.94,29.68,0,0.0,46.51,46.51,0,1
0,0.01,0.0,4.99,28.39,0,0.01,31.96,31.97,0,1
0,0.0,0.0,77.08,31.2,0,0.0,84.23,84.23,1,0
0,0.0,0.0,6.57,27.57,0,0.0,32.33,32.33,0,1
0,0.0,0.0,19.61,29.04,0,0.0,42.96,42.96,0,1
0,0.0,0.0,1.19,45.68,0,0.0,46.33,46.33,0,1
0,0.0,0.0,66.43,43.5,0,0.0,81.03,81.03,1,0
0,0.0,0.0,14.13,71.54,0,0.0,75.56,75.56,1,0
0,0.0,0.0,7.58,38.58,0,0.0,43.24,43.24,0,1
0,0.0,0.0,13.82,35.95,0,0.0,44.8,44.8,0,1
0,0.0,0.0,4.58,46.84,0,0.0,49.27,49.27,0,1
0,0.01,0.0,10.87,29.84,0,0.01,37.47,37.47,0,1
0,0.0,0.03,18.52,39.6,0,0.03,50.79,50.8,1,0
0,0.0,0.0,2.03,32.79,0,0.0,34.15,34.15,0,1
0,0.0,0.0,12.05,30.59,0,0.0,38.95,38.95,0,1
0,0.0,0.0,23.32,33.75,0,0.0,49.2,49.2,0,1
0,0.0,0.0,47.9,32.27,0,0.0,64.71,64.71,1,0
0,0.0,0.0,10.21,29.1,0,0.0,36.34,36.34,0,1
0,0.0,0.0,5.2,32.96,0,0.0,36.45,36.45,0,1
0,0.0,0.0,11.38,32.42,0,0.0,40.11,40.11,0,1
0,0.01,0.0,3.74,29.29,0,0.01,31.93,31.94,0,1
0,0.0,0.0,7.28,34.03,0,0.0,38.83,38.83,0,1
0,0.08,0.0,2.81,31.52,0,0.08,33.44,33.5,0,1
0,0.0,0.0,5.98,32.46,0,0.0,36.5,36.5,0,1
0,0.0,0.01,1.79,28.38,0,0.01,29.66,29.67,0,1
0,0.0,0.0,3.88,33.28,0,0.0,35.87,35.87,0,1
0,0.0,0.0,96.94,40.37,0,0.0,98.18,98.18,1,0
0,0.0,0.0,99.46,43.68,0,0.0,99.7,99.7,1,0
0,0.0,0.0,2.88,32.4,0,0.0,34.35,34.35,0,1
0,0.0,0.0,2.24,28.26,0,0.0,29.87,29.87,0,1
0,0.0,0.0,1.13,35.8,0,0.0,36.53,36.53,0,1
0,0.0,0.0,77.76,25.6,0,0.0,83.45,83.45,1,0
0,0.0,0.0,0.86,36.88,0,0.0,37.42,37.42,0,1
0,0.06,0.0,12.66,25.64,0,0.06,35.05,35.09,0,1
0,0.0,0.0,16.01,28.91,0,0.0,40.29,40.29,0,1
0,0.0,0.0,3.97,30.02,0,0.0,32.8,32.8,0,1
0,0.0,0.0,47.86,32.16,0,0.0,64.63,64.63,1,0
0,0.0,0.0,11.39,32.81,0,0.0,40.46,40.46,0,1
0,0.0,0.0,7.99,29.31,0,0.0,34.96,34.96,0,1
0,0.0,0.0,10.35,33.02,0,0.0,39.95,39.95,0,1
0,0.0,0.0,7.72,43.99,0,0.0,48.31,48.31,0,1
0,0.0,0.0,3.4,30.72,0,0.0,33.08,33.08,0,1
0,0.0,0.0,1.72,31.6,0,0.0,32.78,32.78,0,1
0,0.0,0.0,23.95,32.09,0,0.0,48.35,48.35,0,1
0,0.01,0.0,7.7,38.92,0,0.01,43.62,43.63,0,1
0,0.0,0.0,41.84,30.61,0,0.0,59.64,59.64,1,0
0,0.0,0.0,8.3,33.81,0,0.0,39.3,39.3,0,1
0,0.0,0.0,9.56,29.17,0,0.0,35.94,35.94,0,1
0,0.0,0.0,3.87,26.89,0,0.0,29.72,29.72,0,1
0,0.0,0.0,9.5,37.43,0,0.0,43.37,43.37,0,1
0,0.0,0.0,0.52,31.44,0,0.0,31.8,31.8,0,1
0,0.06,0.01,25.82,26.47,0,0.07,45.46,45.49,0,1
0,0.0,0.0,13.74,34.25,0,0.0,43.28,43.28,0,1
0,0.0,0.06,48.21,34.27,0,0.06,65.96,65.98,1,0
0,0.0,0.0,1.32,30.09,0,0.0,31.01,31.01,0,1
0,0.12,0.0,4.51,64.96,0,0.12,66.54,66.58,1,0
0,0.0,0.0,8.1,44.59,0,0.0,49.08,49.08,0,1
0,0.0,0.0,18.56,32.02,0,0.0,44.64,44.64,0,1
0,0.0,0.0,9.3,35.97,0,0.0,41.92,41.92,0,1
0,0.01,0.0,2.18,44.38,0,0.01,45.59,45.6,0,1
0,0.0,0.0,14.23,29.22,0,0.0,39.29,39.29,0,1
0,0.0,0.0,9.53,26.84,0,0.0,33.81,33.81,0,1
0,0.0,0.0,3.8,34.68,0,0.0,37.16,37.16,0,1
0,0.0,0.0,0.95,33.16,0,0.0,33.79,33.79,0,1
0,0.0,0.0,8.48,30.67,0,0.0,36.55,36.55,0,1
0,0.0,0.0,2.95,51.35,0,0.0,52.79,52.79,1,0
0,0.0,0.0,8.33,48.0,0,0.0,52.33,52.33,1,0
0,0.01,0.0,8.07,29.18,0,0.01,34.9,34.9,0,1
0,0.36,0.0,11.03,34.64,0,0.36,41.85,42.06,0,1
0,0.0,0.0,0.87,33.3,0,0.0,33.88,33.88,0,1
0,0.0,0.0,1.7,27.99,0,0.0,29.21,29.21,0,1
0,0.0,0.0,23.01,28.81,0,0.0,45.19,45.19,0,1
0,0.0,0.0,3.76,31.69,0,0.0,34.26,34.26,0,1
0,0.0,0.0,6.21,29.99,0,0.0,34.34,34.34,0,1
0,0.0,0.0,17.71,28.98,0,0.0,41.56,41.56,0,1
0,0.0,0.0,2.53,32.71,0,0.0,34.41,34.41,0,1
0,0.05,0.0,9.18,31.97,0,0.05,38.22,38.25,0,1
0,0.0,0.0,92.44,41.48,0,0.0,95.58,95.58,1,0
0,0.01,0.0,1.16,28.86,0,0.01,29.69,29.69,0,1
0,0.0,0.0,22.26,28.83,0,0.0,44.67,44.67,0,1
0,0.01,0.0,11.88,28.97,0,0.01,37.41,37.41,0,1
0,0.0,0.0,15.42,29.39,0,0.0,40.28,40.28,0,1
0,0.0,0.0,4.13,30.19,0,0.0,33.07,33.07,0,1
0,0.0,0.0,2.45,26.3,0,0.0,28.11,28.11,0,1
0,0.0,0.0,9.73,60.71,0,0.0,64.53,64.53,1,0
0,0.01,0.0,16.65,30.15,0,0.01,41.78,41.79,0,1
0,0.01,0.0,13.41,33.56,0,0.01,42.47,42.48,0,1
0,0.0,0.0,2.98,33.83,0,0.0,35.8,35.8,0,1
0,0.0,0.0,10.14,29.96,0,0.0,37.06,37.06,0,1
0,0.0,0.0,16.9,30.23,0,0.0,42.02,42.02,0,1
0,0.0,0.0,13.81,25.52,0,0.0,35.81,35.81,0,1
0,0.01,0.0,23.55,33.22,0,0.01,48.95,48.95,0,1
0,0.0,0.0,7.1,37.12,0,0.0,41.58,41.58,0,1
0,0.0,0.0,13.64,26.89,0,0.0,36.86,36.86,0,1
0,0.0,0.0,88.35,27.95,0,0.0,91.61,91.61,1,0
0,0.0,0.0,29.31,34.02,0,0.0,53.36,53.36,1,0
0,0.0,0.0,2.5,31.68,0,0.0,33.39,33.39,0,1
0,0.05,0.0,10.56,30.56,0,0.05,37.89,37.92,0,1
0,0.03,0.0,6.71,29.54,0,0.03,34.27,34.29,0,1
0,0.0,0.0,16.96,34.76,0,0.0,45.82,45.82,0,1
0,0.0,0.0,56.68,33.98,0,0.0,71.4,71.4,1,0
0,0.0,0.0,24.33,32.11,0,0.0,48.63,48.63,0,1
0,0.0,0.0,52.51,33.4,0,0.0,68.37,68.37,1,0
0,0.06,0.0,2.7,27.28,0,0.06,29.24,29.29,0,1
0,0.01,0.0,19.92,30.31,0,0.01,44.19,44.2,0,1
0,0.75,0.0,2.97,28.52,0,0.75,30.64,31.16,0,1
0,0.0,0.0,2.13,30.74,0,0.0,32.22,32.22,0,1
0,0.04,0.0,11.21,29.38,0,0.04,37.3,37.32,0,1
0,0.0,0.0,1.45,32.34,0,0.0,33.32,33.32,0,1
0,0.01,0.0,4.52,34.84,0,0.01,37.79,37.79,0,1
0,0.01,0.0,11.41,34.0,0,0.01,41.53,41.54,0,1
0,0.0,0.0,1.06,31.31,0,0.0,32.04,32.04,0,1
0,0.0,0.0,31.21,33.47,0,0.0,54.23,54.23,1,0
0,0.0,0.0,2.67,39.27,0,0.0,40.89,40.89,0,1
0,0.0,0.0,17.33,25.71,0,0.0,38.58,38.58,0,1
0,0.0,0.0,17.14,32.62,0,0.0,44.17,44.17,0,1
0,0.0,0.0,6.15,28.54,0,0.0,32.93,32.93,0,1
0,0.0,0.0,14.69,28.14,0,0.0,38.7,38.7,0,1
0,0.0,0.01,27.72,53.11,0,0.01,66.11,66.11,1,0
0,0.0,0.0,55.29,31.26,0,0.0,69.27,69.27,1,0
0,0.0,0.0,21.06,32.75,0,0.0,46.91,46.91,0,1
0,0.0,0.0,6.05,27.12,0,0.0,31.53,31.53,0,1
0,0.0,0.0,11.97,32.13,0,0.0,40.25,40.25,0,1
0,0.0,0.0,5.64,34.55,0,0.0,38.24,38.24,0,1
0,0.01,0.0,4.22,34.68,0,0.01,37.44,37.44,0,1
0,0.0,0.0,14.95,25.68,0,0.0,36.79,36.79,0,1
0,0.0,0.0,7.99,35.57,0,0.0,40.72,40.72,0,1
0,0.0,0.0,1.56,37.88,0,0.0,38.85,38.85,0,1
0,0.05,0.0,6.61,30.57,0,0.05,35.16,35.19,0,1
0,0.0,0.0,1.59,27.83,0,0.0,28.98,28.98,0,1
0,0.0,0.0,19.52,44.51,0,0.0,55.34,55.34,1,0
0,0.01,0.0,16.37,36.2,0,0.01,46.64,46.65,0,1
0,0.0,0.0,2.24,30.87,0,0.0,32.42,32.42,0,1
0,0.0,0.0,5.7,31.05,0,0.0,34.98,34.98,0,1
0,0.0,0.0,1.24,56.06,0,0.0,56.6,56.6,1,0
0,0.0,0.0,68.44,31.68,0,0.0,78.44,78.44,1,0
0,0.0,0.0,9.6,31.61,0,0.0,38.18,38.18,0,1
0,0.0,0.0,70.48,47.95,0,0.0,84.63,84.63,1,0
0,0.0,0.0,10.44,38.63,0,0.0,45.04,45.04,0,1
0,0.0,0.0,6.15,31.61,0,0.0,35.82,35.82,0,1
0,0.0,0.03,4.24,28.35,0,0.03,31.39,31.41,0,1
0,0.0,0.0,45.46,27.12,0,0.0,60.25,60.25,1,0
0,0.01,0.0,51.33,41.22,0,0.01,71.39,71.39,1,0
0,0.0,0.0,69.66,37.36,0,0.0,81.0,81.0,1,0
0,0.03,0.0,2.61,26.52,0,0.03,28.44,28.46,0,1
0,0.0,0.0,0.81,28.29,0,0.0,28.87,28.87,0,1
0,0.0,0.0,10.12,29.37,0,0.0,36.52,36.52,0,1
0,0.0,0.0,3.35,30.65,0,0.0,32.97,32.97,0,1
0,0.0,0.0,9.13,26.61,0,0.0,33.31,33.31,0,1
0,0.0,0.0,9.2,36.22,0,0.0,42.09,42.09,0,1
0,0.89,0.0,2.91,42.88,0,0.89,44.54,45.04,0,1
0,0.0,0.0,2.44,30.62,0,0.0,32.31,32.31,0,1
0,0.02,0.0,25.11,64.64,0,0.02,73.52,73.52,1,0
0,0.0,0.0,59.46,32.85,0,0.0,72.78,72.78,1,0
0,0.0,0.0,6.71,39.08,0,0.0,43.17,43.17,0,1
0,0.01,0.0,3.09,31.37,0,0.01,33.49,33.5,0,1
0,0.0,0.0,4.67,25.31,0,0.0,28.8,28.8,0,1
0,0.0,0.0,2.52,30.92,0,0.0,32.66,32.66,0,1
0,0.0,0.0,26.3,34.35,0,0.0,51.62,51.62,1,0
0,0.0,0.0,5.84,32.25,0,0.0,36.21,36.21,0,1
0,0.0,0.0,1.09,33.53,0,0.0,34.25,34.25,0,1
0,0.0,0.0,2.28,29.06,0,0.0,30.68,30.68,0,1
0,0.02,0.0,91.42,28.31,0,0.02,93.85,93.85,1,0
0,0.01,0.0,10.01,30.52,0,0.01,37.47,37.48,0,1
0,0.0,0.0,20.67,32.04,0,0.0,46.09,46.09,0,1
0,0.0,0.0,11.82,29.78,0,0.0,38.08,38.08,0,1
0,0.0,0.0,5.79,36.49,0,0.0,40.17,40.17,0,1
0,0.0,0.0,10.38,32.72,0,0.0,39.7,39.7,0,1
0,0.0,0.0,99.85,28.33,0,0.0,99.89,99.89,1,0
0,0.06,0.0,1.21,58.98,0,0.06,59.48,59.5,1,0
0,0.0,0.0,10.71,28.88,0,0.0,36.5,36.5,0,1
0,0.0,0.0,8.91,32.61,0,0.0,38.61,38.61,0,1
0,0.0,0.0,3.97,33.3,0,0.0,35.95,35.95,0,1
0,0.0,0.0,10.12,33.92,0,0.0,40.61,40.61,0,1
0,0.0,0.0,3.14,27.41,0,0.0,29.69,29.69,0,1
0,0.01,0.0,4.37,32.26,0,0.01,35.22,35.23,0,1
0,6.18,0.02,99.73,31.67,0,6.2,99.82,99.83,1,0
0,0.0,0.0,32.34,29.25,0,0.0,52.13,52.13,1,0
0,0.0,0.0,82.33,31.08,0,0.0,87.82,87.82,1,0
0,0.0,0.0,73.98,34.82,0,0.0,83.04,83.04,1,0
0,0.0,0.0,1.71,36.72,0,0.0,37.8,37.8,0,1
0,0.0,0.0,1.72,25.51,0,0.0,26.79,26.79,0,1
0,0.0,0.0,11.94,33.39,0,0.0,41.34,41.34,0,1
0,0.0,0.0,8.02,25.84,0,0.0,31.79,31.79,0,1
0,0.0,0.0,9.45,33.02,0,0.0,39.35,39.35,0,1
0,0.0,0.0,1.96,71.99,0,0.0,72.54,72.54,1,0
0,0.0,0.0,15.47,34.68,0,0.0,44.79,44.79,0,1
0,0.0,0.01,10.7,31.58,0,0.01,38.9,38.91,0,1
0,0.0,0.0,2.7,31.34,0,0.0,33.19,33.19,0,1
0,0.0,0.0,13.16,50.93,0,0.0,57.39,57.39,1,0
0,0.02,0.0,65.36,35.22,0,0.02,77.56,77.56,1,0
0,0.0,0.0,30.98,38.3,0,0.0,57.41,57.41,1,0
0,0.0,0.0,8.69,83.98,0,0.0,85.37,85.37,1,0
0,0.0,0.0,17.01,33.22,0,0.0,44.58,44.58,0,1
0,0.0,0.0,1.64,29.31,0,0.0,30.47,30.47,0,1
0,0.0,0.0,5.06,46.45,0,0.0,49.16,49.16,0,1
0,0.0,0.0,1.81,28.87,0,0.0,30.16,30.16,0,1
0,0.0,0.0,95.97,31.21,0,0.0,97.23,97.23,1,0
0,0.0,0.0,17.03,30.03,0,0.0,41.95,41.95,0,1
0,0.0,0.0,51.13,44.05,0,0.0,72.66,72.66,1,0
0,0.0,0.0,20.83,28.76,0,0.0,43.6,43.6,0,1
0,0.0,0.0,23.35,31.55,0,0.0,47.53,47.53,0,1
0,0.0,0.0,58.16,30.95,0,0.0,71.11,71.11,1,0
0,0.01,0.0,6.31,31.37,0,0.01,35.7,35.71,0,1
0,0.06,0.0,12.52,31.49,0,0.06,40.07,40.1,0,1
0,0.0,0.0,1.47,37.08,0,0.0,38.0,38.0,0,1
0,0.0,0.0,27.13,29.38,0,0.0,48.54,48.54,0,1
0,0.0,0.0,13.82,32.99,0,0.0,42.25,42.25,0,1
0,0.0,0.0,3.06,42.35,0,0.0,44.11,44.11,0,1
0,0.0,0.0,18.8,26.49,0,0.0,40.31,40.31,0,1
0,0.0,0.0,52.07,30.32,0,0.0,66.6,66.6,1,0
0,0.0,0.01,11.24,26.06,0,0.01,34.37,34.38,0,1
0,0.0,0.0,1.91,27.93,0,0.0,29.31,29.31,0,1
0,0.0,0.0,1.22,38.82,0,0.0,39.57,39.57,0,1
0,0.0,0.0,8.41,34.94,0,0.0,40.41,40.41,0,1
0,0.01,0.01,19.15,28.82,0,0.02,42.45,42.46,0,1
0,0.0,0.0,9.4,30.61,0,0.0,37.13,37.13,0,1
0,0.01,0.0,28.68,46.94,0,0.01,62.16,62.16,1,0
0,0.02,0.0,9.04,43.6,0,0.02,48.7,48.71,0,1
0,0.0,0.0,94.15,32.49,0,0.0,96.05,96.05,1,0
0,0.0,0.0,41.21,33.61,0,0.0,60.97,60.97,1,0
0,0.0,0.0,2.73,27.87,0,0.0,29.84,29.84,0,1
0,0.04,0.0,11.5,29.52,0,0.04,37.63,37.65,0,1
0,0.01,0.0,7.04,32.23,0,0.01,37.0,37.01,0,1
0,0.0,0.0,3.92,39.69,0,0.0,42.05,42.05,0,1
0,0.0,0.0,6.27,28.75,0,0.0,33.22,33.22,0,1
0,0.0,0.0,16.14,44.12,0,0.0,53.14,53.14,1,0
0,0.0,0.0,1.74,35.81,0,0.0,36.93,36.93,0,1
0,0.0,0.0,7.56,44.7,0,0.0,48.88,48.88,0,1
0,0.0,0.0,35.86,26.09,0,0.0,52.59,52.59,1,0
0,0.0,0.0,95.02,53.53,0,0.0,97.69,97.69,1,0
0,0.0,0.0,72.93,35.06,0,0.0,82.42,82.42,1,0
0,0.0,0.0,87.26,30.65,0,0.0,91.16,91.16,1,0
0,0.0,0.0,16.24,29.23,0,0.0,40.72,40.72,0,1
0,0.04,0.05,1.37,28.3,0,0.09,29.28,29.35,0,1
0,0.0,0.0,3.43,36.76,0,0.0,38.93,38.93,0,1
0,0.59,0.0,2.78,33.77,0,0.59,35.61,35.99,0,1
0,0.0,0.0,26.99,31.57,0,0.0,50.04,50.04,1,0
0,0.01,0.0,2.05,29.38,0,0.01,30.83,30.83,0,1
0,0.0,0.0,88.29,34.62,0,0.0,92.34,92.34,1,0
0,0.0,0.0,3.41,72.96,0,0.0,73.88,73.88,1,0
0,0.0,0.0,3.83,34.92,0,0.0,37.41,37.41,0,1
0,0.0,0.0,23.36,34.0,0,0.0,49.42,49.42,0,1
0,0.0,0.0,1.72,29.84,0,0.0,31.05,31.05,0,1
0,0.0,0.0,17.68,71.09,0,0.0,76.2,76.2,1,0
0,0.0,0.0,21.66,29.39,0,0.0,44.68,44.68,0,1
0,0.0,0.0,4.33,34.31,0,0.0,37.15,37.15,0,1
0,0.0,0.0,2.4,38.05,0,0.0,39.54,39.54,0,1
0,0.0,0.0,8.09,42.19,0,0.0,46.87,46.87,0,1
0,0.0,0.0,22.58,36.78,0,0.0,51.06,51.06,1,0
0,0.01,4.22,14.53,25.51,0,4.23,36.33,39.03,0,1
0,0.0,0.0,6.69,29.78,0,0.0,34.48,34.48,0,1
0,0.0,0.0,39.8,30.99,0,0.0,58.46,58.46,1,0
0,0.0,0.0,14.6,28.88,0,0.0,39.26,39.26,0,1
0,0.0,0.0,59.99,87.95,0,0.0,95.18,95.18,1,0
0,0.01,0.0,16.98,30.25,0,0.01,42.09,42.1,0,1
0,0.0,0.0,14.55,31.12,0,0.0,41.14,41.14,0,1
0,0.0,0.0,8.77,30.11,0,0.0,36.24,36.24,0,1
0,0.0,0.0,3.97,36.56,0,0.0,39.08,39.08,0,1
0,0.0,0.0,94.68,28.58,0,0.0,96.2,96.2,1,0
0,0.0,0.0,99.27,29.26,0,0.0,99.48,99.48,1,0
0,0.49,0.0,1.91,30.25,0,0.49,31.58,31.92,0,1
0,0.0,0.0,3.2,84.23,0,0.0,84.73,84.73,1,0
0,2.0,0.0,4.81,29.79,0,2.0,33.17,34.5,0,1
0,0.0,0.0,2.2,32.32,0,0.0,33.81,33.81,0,1
0,0.0,0.0,12.67,33.96,0,0.0,42.33,42.33,0,1
0,0.01,0.0,7.73,36.21,0,0.01,41.14,41.15,0,1
0,0.0,0.0,8.48,28.58,0,0.0,34.64,34.64,0,1
0,0.03,0.0,19.39,41.66,0,0.03,52.97,52.99,1,0
0,0.0,0.0,60.07,40.13,0,0.0,76.09,76.09,1,0
0,0.0,0.0,4.84,60.03,0,0.0,61.96,61.96,1,0
0,0.0,0.0,10.79,28.39,0,0.0,36.12,36.12,0,1
0,0.0,0.0,4.62,36.39,0,0.0,39.33,39.33,0,1
0,0.0,0.0,15.12,29.6,0,0.0,40.24,40.24,0,1
0,0.25,0.01,25.66,29.09,0,0.26,47.29,47.42,0,1
0,0.0,0.0,63.48,29.22,0,0.0,74.15,74.15,1,0
0,0.0,0.0,4.05,29.23,0,0.0,32.1,32.1,0,1
0,0.0,0.0,0.62,35.9,0,0.0,36.3,36.3,0,1
0,0.0,0.0,49.57,29.02,0,0.0,64.2,64.2,1,0
0,0.0,0.0,15.38,59.91,0,0.0,66.08,66.08,1,0
0,0.03,0.45,23.23,95.19,0,0.48,96.31,96.33,1,0
0,0.0,0.0,64.84,28.49,0,0.0,74.86,74.86,1,0
0,0.0,0.0,6.51,31.84,0,0.0,36.28,36.28,0,1
0,0.0,0.0,4.67,43.45,0,0.0,46.09,46.09,0,1
0,0.0,0.0,5.8,34.16,0,0.0,37.98,37.98,0,1
0,0.0,0.0,27.36,36.42,0,0.0,53.82,53.82,1,0
0,0.0,0.0,4.57,27.78,0,0.0,31.08,31.08,0,1
0,0.0,0.0,3.86,46.16,0,0.0,48.24,48.24,0,1
0,0.0,0.0,28.6,35.41,0,0.0,53.88,53.88,1,0
0,0.0,0.0,2.51,32.43,0,0.0,34.13,34.13,0,1
0,0.0,0.0,1.69,33.76,0,0.0,34.88,34.88,0,1
0,0.04,0.0,2.61,27.12,0,0.04,29.02,29.05,0,1
0,0.01,0.0,0.95,31.88,0,0.01,32.53,32.53,0,1
0,0.0,0.0,27.01,33.68,0,0.0,51.59,51.59,1,0
0,0.0,0.0,20.99,29.39,0,0.0,44.21,44.21,0,1
0,0.06,0.0,9.19,28.41,0,0.06,34.99,35.03,0,1
0,0.0,0.0,4.02,31.6,0,0.0,34.35,34.35,0,1
0,0.0,0.0,4.06,32.6,0,0.0,35.34,35.34,0,1
0,0.0,0.0,23.23,33.38,0,0.0,48.86,48.86,0,1
0,0.0,0.0,7.45,28.36,0,0.0,33.7,33.7,0,1
0,0.0,0.0,6.02,29.61,0,0.0,33.85,33.85,0,1
0,0.0,0.0,1.51,47.44,0,0.0,48.23,48.23,0,1
0,0.0,0.0,92.25,32.8,0,0.0,94.79,94.79,1,0
0,0.0,0.0,0.96,43.05,0,0.0,43.6,43.6,0,1
0,0.0,0.0,3.63,28.98,0,0.0,31.56,31.56,0,1
0,0.0,0.0,98.9,29.69,0,0.0,99.23,99.23,1,0
0,0.0,0.0,3.01,30.29,0,0.0,32.39,32.39,0,1
0,0.01,0.0,12.06,30.61,0,0.01,38.98,38.98,0,1
0,0.0,0.0,84.13,28.67,0,0.0,88.68,88.68,1,0
0,0.0,0.0,18.98,30.77,0,0.0,43.91,43.91,0,1
0,0.0,0.0,65.9,26.83,0,0.0,75.05,75.05,1,0
0,0.0,0.0,4.08,38.55,0,0.0,41.06,41.06,0,1
0,0.0,0.0,5.86,39.82,0,0.0,43.35,43.35,0,1
0,0.02,0.0,2.64,33.68,0,0.02,35.43,35.44,0,1
0,0.01,0.0,2.93,32.92,0,0.01,34.89,34.89,0,1
0,0.0,0.0,54.86,38.06,0,0.0,72.04,72.04,1,0
0,0.0,0.0,97.38,31.73,0,0.0,98.21,98.21,1,0
0,0.0,0.0,5.5,73.02,0,0.0,74.5,74.5,1,0
0,0.0,0.0,6.01,43.62,0,0.0,47.01,47.01,0,1
0,0.0,0.0,28.3,35.81,0,0.0,53.98,53.98,1,0
0,0.02,0.01,4.79,33.76,0,0.03,36.93,36.95,0,1
0,0.01,0.0,4.43,29.77,0,0.01,32.88,32.89,0,1
0,0.0,0.0,4.65,29.46,0,0.0,32.74,32.74,0,1
0,0.0,0.0,11.47,33.43,0,0.0,41.07,41.07,0,1
0,0.01,0.0,2.4,27.5,0,0.01,29.24,29.25,0,1
0,0.07,0.0,28.01,52.31,0,0.07,65.67,65.69,1,0
0,0.0,0.0,4.31,28.91,0,0.0,31.97,31.97,0,1
0,0.0,0.0,8.11,30.39,0,0.0,36.04,36.04,0,1
0,0.02,0.0,88.41,30.13,0,0.02,91.9,91.9,1,0
0,0.0,0.0,26.94,28.97,0,0.0,48.11,48.11,0,1
0,0.0,0.0,13.59,29.03,0,0.0,38.67,38.67,0,1
0,0.0,0.0,54.52,36.34,0,0.0,71.05,71.05,1,0
0,0.0,0.0,5.06,29.04,0,0.0,32.63,32.63,0,1
0,0.0,0.01,1.4,40.49,0,0.01,41.32,41.33,0,1
0,0.0,0.0,3.6,54.77,0,0.0,56.4,56.4,1,0
0,0.0,0.0,15.01,32.49,0,0.0,42.62,42.62,0,1
0,0.0,0.0,17.99,30.56,0,0.0,43.05,43.05,0,1
0,0.0,0.0,1.06,32.35,0,0.0,33.07,33.07,0,1
0,0.0,0.0,52.05,61.14,0,0.0,81.37,81.37,1,0
0,0.0,0.05,3.65,95.49,0,0.05,95.65,95.66,1,0
0,0.0,0.0,17.41,35.1,0,0.0,46.4,46.4,0,1
0,0.0,0.0,0.95,62.31,0,0.0,62.67,62.67,1,0
0,0.0,0.0,0.85,29.45,0,0.0,30.05,30.05,0,1
0,0.0,0.0,7.81,40.56,0,0.0,45.2,45.2,0,1
0,0.01,0.0,50.8,28.38,0,0.01,64.76,64.77,1,0
0,0.0,0.0,31.81,26.44,0,0.0,49.84,49.84,0,1
0,0.0,0.0,8.91,28.93,0,0.0,35.26,35.26,0,1
0,0.08,0.0,12.12,35.13,0,0.08,42.99,43.04,0,1
0,0.0,0.0,6.49,33.75,0,0.0,38.05,38.05,0,1
0,0.0,0.0,2.26,30.2,0,0.0,31.78,31.78,0,1
0,0.0,0.0,8.63,25.78,0,0.0,32.19,32.19,0,1
0,0.0,0.0,2.99,38.65,0,0.0,40.48,40.48,0,1
0,0.0,0.0,9.76,28.13,0,0.0,35.14,35.14,0,1
0,0.13,0.01,24.91,60.77,0,0.14,70.54,70.58,1,0
0,0.0,0.0,1.32,34.6,0,0.0,35.46,35.46,0,1
0,0.0,0.0,7.55,28.37,0,0.0,33.78,33.78,0,1
0,0.02,0.0,1.74,29.64,0,0.02,30.86,30.88,0,1
0,0.0,0.0,5.56,28.42,0,0.0,32.4,32.4,0,1
0,0.0,0.0,7.12,27.8,0,0.0,32.94,32.94,0,1
0,0.0,0.0,4.08,50.16,0,0.0,52.19,52.19,1,0
0,0.0,0.0,1.75,29.36,0,0.0,30.6,30.6,0,1
0,0.0,0.0,17.38,90.9,0,0.0,92.48,92.48,1,0
0,0.04,0.0,5.01,28.5,0,0.04,32.08,32.11,0,1
0,0.02,0.0,18.31,30.15,0,0.02,42.94,42.95,0,1
0,0.0,0.0,7.25,79.68,0,0.0,81.15,81.15,1,0
0,0.0,0.0,17.03,31.7,0,0.0,43.33,43.33,0,1
0,0.0,0.0,1.84,33.56,0,0.0,34.78,34.78,0,1
0,0.01,0.0,3.81,27.83,0,0.01,30.58,30.59,0,1
0,0.05,0.0,1.75,27.27,0,0.05,28.54,28.58,0,1
0,0.0,0.0,11.3,30.03,0,0.0,37.94,37.94,0,1
0,0.0,0.0,1.65,36.57,0,0.0,37.62,37.62,0,1
0,0.01,0.0,10.19,29.2,0,0.01,36.41,36.42,0,1
0,0.0,0.0,39.49,31.22,0,0.0,58.38,58.38,1,0
0,0.0,0.0,10.63,25.45,0,0.0,33.37,33.37,0,1
0,0.0,0.0,1.8,31.5,0,0.0,32.73,32.73,0,1
0,0.0,0.0,29.81,33.7,0,0.0,53.46,53.46,1,0
0,0.0,0.0,16.4,41.74,0,0.0,51.29,51.29,1,0
0,0.0,0.0,3.25,28.71,0,0.0,31.03,31.03,0,1
0,0.15,0.0,29.46,29.49,0,0.15,50.26,50.34,1,0
0,0.0,0.0,1.04,34.13,0,0.0,34.82,34.82,0,1
0,0.0,0.0,4.03,53.68,0,0.0,55.55,55.55,1,0
0,0.0,0.0,0.61,28.55,0,0.0,28.99,28.99,0,1
0,0.0,0.0,4.9,28.35,0,0.0,31.86,31.86,0,1
0,0.0,0.0,1.05,27.51,0,0.0,28.27,28.27,0,1
0,0.0,0.0,17.07,38.39,0,0.0,48.91,48.91,0,1
0,0.0,0.0,4.96,31.45,0,0.0,34.85,34.85,0,1
0,0.12,0.0,2.01,33.35,0,0.12,34.69,34.77,0,1
0,0.0,50.22,4.28,38.69,0,50.22,41.31,70.79,1,0
0,0.0,0.0,4.99,68.26,0,0.0,69.84,69.84,1,0
0,0.0,0.0,5.23,31.85,0,0.0,35.41,35.41,0,1
0,0.0,0.0,0.65,30.6,0,0.0,31.05,31.05,0,1
0,0.0,0.0,7.63,37.33,0,0.0,42.11,42.11,0,1
0,0.0,0.0,8.01,40.49,0,0.0,45.26,45.26,0,1
0,0.0,0.0,36.61,25.48,0,0.0,52.76,52.76,1,0
0,0.0,0.0,1.14,26.89,0,0.0,27.72,27.72,0,1
0,0.0,0.0,19.48,36.21,0,0.0,48.64,48.64,0,1
0,0.0,0.09,22.47,64.64,0,0.09,72.59,72.61,1,0
0,0.0,0.0,29.16,31.19,0,0.0,51.25,51.25,1,0
0,0.0,0.0,2.78,23.8,0,0.0,25.92,25.92,0,1
0,0.0,0.0,23.54,33.2,0,0.0,48.92,48.92,0,1
0,0.0,0.0,2.05,28.74,0,0.0,30.2,30.2,0,1
0,0.0,0.0,3.21,28.77,0,0.0,31.06,31.06,0,1
0,0.0,0.0,1.13,30.57,0,0.0,31.35,31.35,0,1
0,0.0,0.0,17.39,30.95,0,0.0,42.96,42.96,0,1
0,0.0,0.02,23.78,63.83,0,0.02,72.43,72.44,1,0
0,0.0,0.0,4.9,26.96,0,0.0,30.54,30.54,0,1
0,0.01,0.0,15.51,26.78,0,0.01,38.14,38.14,0,1
0,0.0,0.0,1.55,54.65,0,0.0,55.35,55.35,1,0
0,0.0,0.0,9.54,42.08,0,0.0,47.61,47.61,0,1
0,0.15,0.0,8.61,32.6,0,0.15,38.4,38.5,0,1
0,0.0,0.0,15.87,30.1,0,0.0,41.19,41.19,0,1
0,0.0,0.0,65.73,33.2,0,0.0,77.11,77.11,1,0
0,0.01,0.0,5.45,34.13,0,0.01,37.72,37.73,0,1
0,0.0,0.0,3.69,47.68,0,0.0,49.61,49.61,0,1
0,0.0,0.0,3.31,26.74,0,0.0,29.16,29.16,0,1
0,0.02,0.0,18.24,32.36,0,0.02,44.7,44.71,0,1
0,0.0,0.0,71.64,28.58,0,0.0,79.75,79.75,1,0
0,0.02,0.0,5.12,29.58,0,0.02,33.19,33.2,0,1
0,0.0,0.0,43.73,34.42,0,0.0,63.1,63.1,1,0
0,0.0,0.0,2.35,30.74,0,0.0,32.37,32.37,0,1
0,0.01,0.0,12.11,28.36,0,0.01,37.04,37.04,0,1
0,0.07,0.0,4.25,29.45,0,0.07,32.45,32.5,0,1
0,0.0,0.01,25.68,91.37,0,0.01,93.59,93.59,1,0
0,0.0,0.0,7.08,28.58,0,0.0,33.64,33.64,0,1
0,0.0,0.0,22.64,33.46,0,0.0,48.52,48.52,0,1
0,0.01,0.0,5.07,30.01,0,0.01,33.56,33.57,0,1
0,0.0,0.01,58.02,50.52,0,0.01,79.23,79.23,1,0
0,0.0,0.0,11.07,33.6,0,0.0,40.95,40.95,0,1
0,0.0,0.0,2.96,63.79,0,0.0,64.86,64.86,1,0
0,0.0,0.0,2.64,39.01,0,0.0,40.62,40.62,0,1
0,0.01,0.0,36.42,30.07,0,0.01,55.54,55.54,1,0
0,0.0,0.0,16.58,34.68,0,0.0,45.51,45.51,0,1
0,0.01,0.0,20.31,27.8,0,0.01,42.46,42.47,0,1
0,0.0,0.0,21.38,28.85,0,0.0,44.06,44.06,0,1
0,0.0,0.0,4.58,34.42,0,0.0,37.42,37.42,0,1
0,0.0,0.0,5.31,26.98,0,0.0,30.86,30.86,0,1
0,0.0,0.0,4.51,33.09,0,0.0,36.11,36.11,0,1
0,0.0,0.0,3.39,36.36,0,0.0,38.52,38.52,0,1
0,0.01,0.0,3.62,32.97,0,0.01,35.4,35.4,0,1
0,0.04,0.0,0.44,31.28,0,0.04,31.58,31.61,0,1
0,0.0,0.01,0.77,31.43,0,0.01,31.96,31.96,0,1
0,0.0,0.0,40.87,60.85,0,0.0,76.85,76.85,1,0
0,0.01,0.0,16.38,37.62,0,0.01,47.84,47.84,0,1
0,0.03,0.0,45.02,35.52,0,0.03,64.55,64.56,1,0
0,0.0,0.0,54.7,28.88,0,0.0,67.78,67.78,1,0
0,0.0,0.0,32.25,26.18,0,0.0,49.99,49.99,0,1
0,0.0,0.0,10.23,34.31,0,0.0,41.03,41.03,0,1
0,0.0,0.0,0.82,42.92,0,0.0,43.39,43.39,0,1
0,0.0,0.0,7.29,32.67,0,0.0,37.58,37.58,0,1
0,0.0,0.0,95.19,31.32,0,0.0,96.7,96.7,1,0
0,0.01,0.0,47.39,85.63,0,0.01,92.44,92.44,1,0
0,0.0,0.0,12.7,29.79,0,0.0,38.71,38.71,0,1
0,0.0,0.01,4.03,32.61,0,0.01,35.33,35.33,0,1
0,0.0,0.0,1.57,26.75,0,0.0,27.9,27.9,0,1
0,0.01,0.0,1.31,28.56,0,0.01,29.5,29.5,0,1
0,0.0,0.0,28.86,44.92,0,0.0,60.82,60.82,1,0
0,0.0,0.0,27.91,35.73,0,0.0,53.67,53.67,1,0
0,0.0,0.0,33.78,42.23,0,0.0,61.74,61.74,1,0
0,0.0,0.0,1.93,30.69,0,0.0,32.03,32.03,0,1
0,0.0,0.0,17.17,32.43,0,0.0,44.03,44.03,0,1
0,0.0,0.0,2.97,29.37,0,0.0,31.47,31.47,0,1
0,0.0,0.0,4.9,33.12,0,0.0,36.4,36.4,0,1
0,0.0,0.0,3.22,27.83,0,0.0,30.15,30.15,0,1
0,0.0,0.0,3.69,31.98,0,0.0,34.49,34.49,0,1
0,0.01,0.0,10.82,34.61,0,0.01,41.69,41.69,0,1
0,0.0,0.0,1.65,31.95,0,0.0,33.07,33.07,0,1
0,0.0,0.0,2.87,30.87,0,0.0,32.85,32.85,0,1
0,0.0,0.0,21.99,31.72,0,0.0,46.73,46.73,0,1
0,0.0,0.0,11.68,33.95,0,0.0,41.66,41.66,0,1
0,0.0,0.0,89.94,33.61,0,0.0,93.32,93.32,1,0
0,0.0,0.0,4.24,29.52,0,0.0,32.51,32.51,0,1
0,6.14,0.0,41.73,35.17,0,6.14,62.22,64.54,1,0
0,0.03,0.0,15.46,84.48,0,0.03,86.88,86.88,1,0
0,0.01,0.0,3.79,28.97,0,0.01,31.66,31.67,0,1
0,0.0,0.0,1.5,31.65,0,0.0,32.68,32.68,0,1
0,0.0,0.0,17.97,33.35,0,0.0,45.33,45.33,0,1
0,0.0,0.0,72.64,27.84,0,0.0,80.26,80.26,1,0
0,0.0,0.0,12.4,34.56,0,0.0,42.67,42.67,0,1
0,0.0,0.0,9.9,30.87,0,0.0,37.71,37.71,0,1
0,0.02,0.0,21.4,28.03,0,0.02,43.43,43.44,0,1
0,0.0,0.0,4.56,31.06,0,0.0,34.2,34.2,0,1
0,0.0,0.0,3.1,29.42,0,0.0,31.61,31.61,0,1
0,0.0,0.0,1.31,27.34,0,0.0,28.29,28.29,0,1
0,0.0,0.0,1.98,32.39,0,0.0,33.73,33.73,0,1
0,0.2,0.0,99.49,28.23,0,0.2,99.63,99.63,1,0
0,0.01,0.0,2.71,27.9,0,0.01,29.85,29.86,0,1
0,0.0,0.0,34.12,30.88,0,0.0,54.46,54.46,1,0
0,0.0,0.0,38.61,34.25,0,0.0,59.64,59.64,1,0
0,0.0,0.01,14.78,40.78,0,0.01,49.53,49.54,0,1
0,0.0,0.0,32.21,44.38,0,0.0,62.3,62.3,1,0
0,0.0,0.0,68.22,33.77,0,0.0,78.95,78.95,1,0
0,0.0,0.01,3.29,82.57,0,0.01,83.14,83.15,1,0
0,0.0,0.0,1.3,35.19,0,0.0,36.03,36.03,0,1
0,0.0,0.0,19.2,30.06,0,0.0,43.49,43.49,0,1
1,99.95,0.0,92.87,29.76,1,99.95,94.99,100.0,1,1
1,100.0,100.0,98.49,88.26,1,100.0,99.82,100.0,1,1
1,100.0,100.0,99.64,93.81,1,100.0,99.98,100.0,1,1
1,99.8,0.0,26.72,30.85,1,99.8,49.33,99.9,1,1
1,99.95,100.0,98.6,94.92,1,100.0,99.93,100.0,1,1
1,100.0,100.0,54.53,90.95,1,100.0,95.88,100.0,1,1
1,100.0,100.0,91.37,80.69,1,100.0,98.33,100.0,1,1
1,100.0,100.0,89.55,94.51,1,100.0,99.43,100.0,1,1
1,99.95,0.0,99.98,38.54,1,99.95,99.99,100.0,1,1
1,100.0,100.0,99.99,94.67,1,100.0,100.0,100.0,1,1
1,99.95,0.0,6.56,29.79,1,99.95,34.4,99.97,1,1
1,99.8,0.0,98.96,31.65,1,99.8,99.29,100.0,1,1
1,100.0,100.0,71.7,35.11,1,100.0,81.64,100.0,1,1
1,100.0,100.0,99.77,76.13,1,100.0,99.95,100.0,1,1
1,99.95,0.0,96.74,30.59,1,99.95,97.74,100.0,1,1
1,100.0,100.0,98.4,78.78,1,100.0,99.66,100.0,1,1
1,100.0,99.99,99.01,94.78,1,100.0,99.95,100.0,1,1
1,100.0,100.0,91.49,95.47,1,100.0,99.61,100.0,1,1
1,100.0,100.0,43.04,53.61,1,100.0,73.58,100.0,1,1
1,99.9,0.0,88.38,31.61,1,99.9,92.05,99.99,1,1
1,100.0,0.0,78.11,32.91,1,100.0,85.31,100.0,1,1
1,100.0,100.0,99.98,94.67,1,100.0,100.0,100.0,1,1
1,100.0,0.01,99.85,63.85,1,100.0,99.95,100.0,1,1
1,100.0,100.0,50.61,93.72,1,100.0,96.9,100.0,1,1
1,99.8,100.0,97.09,94.51,1,100.0,99.84,100.0,1,1
1,100.0,100.0,99.91,89.68,1,100.0,99.99,100.0,1,1
1,99.61,0.0,46.0,29.04,1,99.61,61.68,99.85,1,1
1,100.0,0.0,88.64,35.66,1,100.0,92.69,100.0,1,1
1,0.0,100.0,1.83,95.28,1,100.0,95.37,100.0,1,1
1,100.0,100.0,99.86,86.81,1,100.0,99.98,100.0,1,1
1,0.0,100.0,20.17,95.92,1,100.0,96.74,100.0,1,1
1,100.0,100.0,99.71,72.26,1,100.0,99.92,100.0,1,1
1,100.0,0.0,96.01,31.06,1,100.0,97.25,100.0,1,1
1,100.0,100.0,99.16,40.33,1,100.0,99.5,100.0,1,1
1,100.0,0.0,99.43,42.81,1,100.0,99.67,100.0,1,1
1,99.9,0.0,96.76,27.53,1,99.9,97.65,100.0,1,1
1,99.9,100.0,92.5,93.93,1,100.0,99.54,100.0,1,1
1,100.0,0.0,99.88,79.88,1,100.0,99.98,100.0,1,1
1,100.0,100.0,91.55,95.25,1,100.0,99.6,100.0,1,1
1,100.0,0.0,90.06,32.96,1,100.0,93.34,100.0,1,1
1,100.0,100.0,99.74,91.44,1,100.0,99.98,100.0,1,1
1,100.0,0.0,96.74,34.9,1,100.0,97.88,100.0,1,1
1,100.0,100.0,79.94,94.07,1,100.0,98.81,100.0,1,1
1,99.95,99.99,99.25,84.78,1,100.0,99.89,100.0,1,1
1,100.0,100.0,12.4,95.04,1,100.0,95.66,100.0,1,1
1,100.0,100.0,98.4,73.01,1,100.0,99.57,100.0,1,1
1,100.0,0.0,99.4,33.51,1,100.0,99.6,100.0,1,1
1,100.0,100.0,99.1,94.34,1,100.0,99.95,100.0,1,1
1,99.95,100.0,20.24,93.45,1,100.0,94.78,100.0,1,1
1,100.0,100.0,98.89,95.34,1,100.0,99.95,100.0,1,1
1,99.8,0.0,98.83,73.77,1,99.8,99.69,100.0,1,1
1,100.0,100.0,98.71,91.56,1,100.0,99.89,100.0,1,1
1,99.95,100.0,98.14,75.63,1,100.0,99.55,100.0,1,1
1,100.0,100.0,99.58,39.06,1,100.0,99.74,100.0,1,1
1,0.07,0.0,56.54,29.42,1,0.07,69.33,69.35,1,1
1,99.95,0.0,99.09,33.23,1,99.95,99.39,100.0,1,1
1,100.0,100.0,89.4,87.74,1,100.0,98.7,100.0,1,1
1,100.0,99.98,97.33,95.87,1,100.0,99.89,100.0,1,1
1,99.95,0.0,96.5,78.0,1,99.95,99.23,100.0,1,1
1,99.9,0.0,90.57,42.29,1,99.9,94.56,99.99,1,1
1,100.0,100.0,98.79,94.48,1,100.0,99.93,100.0,1,1
1,100.0,0.0,99.55,51.25,1,100.0,99.78,100.0,1,1
1,100.0,100.0,99.91,95.87,1,100.0,100.0,100.0,1,1
1,100.0,100.0,99.89,94.47,1,100.0,99.99,100.0,1,1
1,100.0,0.0,89.37,35.02,1,100.0,93.09,100.0,1,1
1,100.0,100.0,94.39,88.97,1,100.0,99.38,100.0,1,1
1,100.0,100.0,99.94,76.82,1,100.0,99.99,100.0,1,1
1,99.95,0.0,99.6,34.94,1,99.95,99.74,100.0,1,1
1,99.95,0.01,94.5,60.77,1,99.95,97.84,100.0,1,1
1,100.0,100.0,89.59,91.87,1,100.0,99.15,100.0,1,1
1,100.0,100.0,99.45,53.29,1,100.0,99.74,100.0,1,1
1,100.0,100.0,81.8,81.04,1,100.0,96.55,100.0,1,1
1,100.0,0.02,39.95,77.07,1,100.0,86.23,100.0,1,1
1,100.0,100.0,99.93,88.27,1,100.0,99.99,100.0,1,1
1,99.76,0.0,97.75,34.9,1,99.76,98.54,100.0,1,1
1,98.1,0.0,96.9,34.9,1,98.1,97.98,99.96,1,1
1,100.0,0.0,99.8,36.89,1,100.0,99.87,100.0,1,1
1,100.0,100.0,99.98,94.69,1,100.0,100.0,100.0,1,1
1,99.8,0.0,97.47,73.77,1,99.8,99.34,100.0,1,1
1,100.0,100.0,90.28,81.23,1,100.0,98.18,100.0,1,1
1,100.0,100.0,98.56,91.32,1,100.0,99.88,100.0,1,1
1,99.95,100.0,99.77,84.5,1,100.0,99.96,100.0,1,1
1,100.0,100.0,99.44,80.39,1,100.0,99.89,100.0,1,1
1,99.95,0.0,98.91,28.98,1,99.95,99.23,100.0,1,1
1,99.95,100.0,95.01,87.5,1,100.0,99.38,100.0,1,1
1,100.0,0.0,54.94,52.26,1,100.0,78.49,100.0,1,1
1,100.0,0.0,98.72,45.63,1,100.0,99.3,100.0,1,1
1,100.0,100.0,99.48,77.31,1,100.0,99.88,100.0,1,1
1,99.61,0.0,86.19,32.56,1,99.61,90.69,99.96,1,1
1,99.95,100.0,96.92,94.0,1,100.0,99.82,100.0,1,1
1,100.0,0.0,93.01,40.46,1,100.0,95.84,100.0,1,1
1,100.0,100.0,13.72,75.44,1,100.0,78.81,100.0,1,1
1,100.0,0.0,30.74,37.12,1,100.0,56.45,100.0,1,1
1,99.51,0.0,30.98,30.94,1,99.51,52.33,99.77,1,1
1,100.0,0.0,91.22,33.37,1,100.0,94.15,100.0,1,1
1,99.85,100.0,99.14,94.01,1,100.0,99.95,100.0,1,1
1,99.95,0.0,97.44,30.07,1,99.95,98.21,100.0,1,1
1,100.0,100.0,81.23,39.47,1,100.0,88.64,100.0,1,1
1,100.0,99.97,99.9,95.1,1,100.0,100.0,100.0,1,1
1,98.0,0.01,68.0,34.08,1,98.0,78.91,99.58,1,1
1,99.95,0.0,99.97,28.65,1,99.95,99.98,100.0,1,1
1,100.0,100.0,97.66,72.68,1,100.0,99.36,100.0,1,1
1,100.0,100.0,99.65,83.57,1,100.0,99.94,100.0,1,1
1,100.0,0.0,98.79,29.52,1,100.0,99.15,100.0,1,1
1,100.0,100.0,99.58,94.49,1,100.0,99.98,100.0,1,1
1,100.0,100.0,99.8,91.65,1,100.0,99.98,100.0,1,1
1,99.95,0.01,3.16,91.73,1,99.95,91.99,100.0,1,1
1,100.0,100.0,99.87,42.02,1,100.0,99.92,100.0,1,1
1,99.95,0.0,99.84,41.22,1,99.95,99.91,100.0,1,1
1,100.0,0.0,16.45,33.0,1,100.0,44.02,100.0,1,1
1,99.85,0.01,66.01,52.06,1,99.85,83.71,99.98,1,1
1,99.9,0.0,12.37,47.87,1,99.9,54.32,99.95,1,1
1,100.0,99.98,98.85,95.72,1,100.0,99.95,100.0,1,1
1,100.0,100.0,13.72,89.36,1,100.0,90.82,100.0,1,1
1,99.8,0.0,98.06,32.16,1,99.8,98.68,100.0,1,1
1,99.85,0.0,95.15,63.41,1,99.85,98.23,100.0,1,1
1,100.0,100.0,89.13,95.34,1,100.0,99.49,100.0,1,1
1,100.0,100.0,92.14,82.31,1,100.0,98.61,100.0,1,1
1,99.95,100.0,60.43,67.87,1,100.0,87.29,100.0,1,1
1,99.95,100.0,99.77,88.16,1,100.0,99.97,100.0,1,1
1,99.95,0.0,60.56,45.56,1,99.95,78.53,99.99,1,1
1,99.8,0.0,95.66,34.9,1,99.8,97.17,99.99,1,1
1,99.95,0.0,81.52,39.95,1,99.95,88.9,99.99,1,1
1,99.95,100.0,99.81,93.53,1,100.0,99.99,100.0,1,1
1,100.0,0.0,97.04,41.29,1,100.0,98.26,100.0,1,1
1,97.75,0.0,82.14,30.29,1,97.75,87.55,99.72,1,1
1,100.0,0.0,38.58,92.49,1,100.0,95.39,100.0,1,1
1,99.95,100.0,99.76,93.98,1,100.0,99.99,100.0,1,1
1,99.95,100.0,99.98,95.4,1,100.0,100.0,100.0,1,1
1,100.0,100.0,97.2,93.87,1,100.0,99.83,100.0,1,1
1,100.0,100.0,99.58,83.22,1,100.0,99.93,100.0,1,1
1,100.0,100.0,34.62,43.35,1,100.0,62.96,100.0,1,1
1,100.0,100.0,99.92,95.48,1,100.0,100.0,100.0,1,1
1,99.9,0.0,97.35,41.49,1,99.9,98.45,100.0,1,1
1,100.0,100.0,99.06,58.61,1,100.0,99.61,100.0,1,1
1,99.95,0.0,69.77,28.24,1,99.95,78.31,99.99,1,1
1,100.0,0.0,91.29,34.29,1,100.0,94.28,100.0,1,1
1,99.56,0.0,2.32,30.2,1,99.56,31.82,99.7,1,1
1,100.0,100.0,99.92,95.48,1,100.0,100.0,100.0,1,1
1,100.0,0.0,99.43,32.57,1,100.0,99.62,100.0,1,1
1,100.0,0.0,99.87,36.22,1,100.0,99.92,100.0,1,1
1,99.95,100.0,99.31,92.66,1,100.0,99.95,100.0,1,1
1,100.0,100.0,29.51,79.82,1,100.0,85.78,100.0,1,1
1,0.01,100.0,39.67,95.28,1,100.0,97.15,100.0,1,1
1,99.41,0.0,10.71,28.65,1,99.41,36.29,99.62,1,1
1,100.0,100.0,10.07,95.08,1,100.0,95.58,100.0,1,1
1,100.0,100.0,31.52,92.63,1,100.0,94.95,100.0,1,1
1,100.0,0.0,99.37,45.38,1,100.0,99.66,100.0,1,1
1,100.0,100.0,99.1,94.39,1,100.0,99.95,100.0,1,1
1,100.0,100.0,99.97,90.5,1,100.0,100.0,100.0,1,1
1,99.95,0.0,99.44,31.02,1,99.95,99.61,100.0,1,1
1,100.0,0.0,89.58,29.87,1,100.0,92.69,100.0,1,1
1,99.85,0.0,98.98,35.03,1,99.85,99.34,100.0,1,1
1,100.0,100.0,99.98,72.72,1,100.0,99.99,100.0,1,1
1,100.0,100.0,99.82,75.41,1,100.0,99.96,100.0,1,1
1,99.95,0.0,99.16,48.56,1,99.95,99.57,100.0,1,1
1,100.0,0.0,99.64,31.99,1,100.0,99.76,100.0,1,1
1,99.9,0.0,99.86,34.07,1,99.9,99.91,100.0,1,1
1,100.0,0.0,86.3,39.79,1,100.0,91.75,100.0,1,1
1,100.0,100.0,99.45,81.36,1,100.0,99.9,100.0,1,1
1,100.0,0.0,99.21,29.65,1,100.0,99.44,100.0,1,1
1,100.0,100.0,94.18,95.82,1,100.0,99.76,100.0,1,1
1,100.0,0.0,99.68,39.26,1,100.0,99.81,100.0,1,1
1,100.0,100.0,99.98,91.47,1,100.0,100.0,100.0,1,1
1,100.0,100.0,99.91,76.34,1,100.0,99.98,100.0,1,1
1,100.0,0.0,94.71,42.63,1,100.0,96.97,100.0,1,1
1,100.0,100.0,96.97,95.41,1,100.0,99.86,100.0,1,1
1,100.0,99.99,99.93,92.24,1,100.0,99.99,100.0,1,1
1,0.0,100.0,15.42,95.02,1,100.0,95.79,100.0,1,1
1,93.95,0.0,49.23,26.52,1,93.95,62.69,97.74,1,1
1,99.85,0.0,23.54,33.09,1,99.85,48.84,99.92,1,1
1,100.0,0.0,71.06,36.82,1,100.0,81.72,100.0,1,1
1,100.0,100.0,95.29,42.36,1,100.0,97.29,100.0,1,1
1,100.0,100.0,31.67,95.14,1,100.0,96.68,100.0,1,1
1,100.0,100.0,99.76,95.12,1,100.0,99.99,100.0,1,1
1,100.0,100.0,99.37,75.55,1,100.0,99.85,100.0,1,1
1,99.95,100.0,99.97,94.51,1,100.0,100.0,100.0,1,1
1,100.0,100.0,99.98,91.98,1,100.0,100.0,100.0,1,1
1,100.0,100.0,99.33,93.03,1,100.0,99.95,100.0,1,1
1,99.71,0.0,70.64,41.22,1,99.71,82.74,99.95,1,1
1,99.95,0.0,99.4,41.97,1,99.95,99.65,100.0,1,1
1,100.0,100.0,99.35,95.57,1,100.0,99.97,100.0,1,1
1,99.9,100.0,99.94,58.52,1,100.0,99.98,100.0,1,1
1,100.0,0.0,61.13,29.11,1,100.0,72.45,100.0,1,1
1,0.01,100.0,8.93,95.19,1,100.0,95.62,100.0,1,1
1,100.0,0.0,95.85,30.62,1,100.0,97.12,100.0,1,1
1,100.0,100.0,97.71,84.93,1,100.0,99.65,100.0,1,1
1,100.0,0.0,10.32,27.81,1,100.0,35.26,100.0,1,1
1,100.0,100.0,13.21,90.84,1,100.0,92.05,100.0,1,1
1,99.9,100.0,74.15,95.74,1,100.0,98.9,100.0,1,1
1,99.95,0.0,23.63,57.73,1,99.95,67.72,99.98,1,1
1,99.95,0.0,98.08,29.04,1,99.95,98.64,100.0,1,1
1,100.0,100.0,99.79,95.19,1,100.0,99.99,100.0,1,1
1,100.0,100.0,99.89,89.55,1,100.0,99.99,100.0,1,1
1,100.0,0.0,56.23,29.71,1,100.0,69.23,100.0,1,1
1,99.95,0.0,99.76,67.02,1,99.95,99.92,100.0,1,1
1,99.9,0.0,94.3,38.72,1,99.9,96.51,100.0,1,1
1,100.0,0.0,8.03,29.75,1,100.0,35.39,100.0,1,1
1,100.0,100.0,87.76,51.61,1,100.0,94.08,100.0,1,1
1,97.22,0.0,95.95,29.77,1,97.22,97.16,99.92,1,1
1,99.95,0.0,97.53,30.82,1,99.95,98.29,100.0,1,1
1,100.0,100.0,99.52,74.6,1,100.0,99.88,100.0,1,1
1,100.0,100.0,99.44,93.15,1,100.0,99.96,100.0,1,1
1,99.95,100.0,99.93,45.05,1,100.0,99.96,100.0,1,1
1,100.0,100.0,19.46,37.7,1,100.0,49.82,100.0,1,1
1,99.95,0.0,2.94,35.26,1,99.95,37.16,99.97,1,1
1,100.0,0.0,55.13,54.19,1,100.0,79.45,100.0,1,1
1,99.95,0.0,1.1,33.26,1,99.95,33.99,99.97,1,1
1,100.0,100.0,86.23,94.45,1,100.0,99.24,100.0,1,1
1,100.0,100.0,65.31,88.69,1,100.0,96.08,100.0,1,1
1,100.0,0.0,99.68,93.65,1,100.0,99.98,100.0,1,1
1,100.0,0.0,99.7,32.33,1,100.0,99.8,100.0,1,1
1,100.0,100.0,99.97,39.42,1,100.0,99.98,100.0,1,1
1,100.0,100.0,60.82,83.93,1,100.0,93.7,100.0,1,1
1,99.56,0.0,98.66,34.37,1,99.56,99.12,100.0,1,1
1,100.0,100.0,99.84,81.43,1,100.0,99.97,100.0,1,1
1,100.0,100.0,88.47,87.91,1,100.0,98.61,100.0,1,1
1,100.0,0.0,99.56,32.6,1,100.0,99.7,100.0,1,1
1,100.0,100.0,97.57,95.82,1,100.0,99.9,100.0,1,1
1,99.37,0.03,44.86,28.59,1,99.37,60.62,99.75,1,1
1,99.61,0.0,13.82,26.84,1,99.61,36.95,99.75,1,1
1,99.95,0.0,17.29,41.17,1,99.95,51.34,99.98,1,1
1,100.0,100.0,99.31,94.81,1,100.0,99.96,100.0,1,1
1,100.0,0.0,99.91,29.47,1,100.0,99.94,100.0,1,1
1,99.95,100.0,97.37,64.94,1,100.0,99.08,100.0,1,1
1,99.95,100.0,98.06,76.91,1,100.0,99.55,100.0,1,1
1,99.95,0.0,99.84,38.11,1,99.95,99.9,100.0,1,1
1,100.0,100.0,99.82,71.74,1,100.0,99.95,100.0,1,1
1,100.0,100.0,99.8,94.5,1,100.0,99.99,100.0,1,1
1,100.0,100.0,99.7,36.06,1,100.0,99.81,100.0,1,1
1,0.01,100.0,2.72,92.54,1,100.0,92.74,100.0,1,1
1,99.9,0.0,97.63,33.71,1,99.9,98.43,100.0,1,1
1,100.0,0.0,19.89,55.85,1,100.0,64.63,100.0,1,1
1,99.95,100.0,99.62,82.88,1,100.0,99.93,100.0,1,1
1,100.0,0.0,99.72,44.86,1,100.0,99.85,100.0,1,1
1,99.85,0.0,95.07,30.44,1,99.85,96.57,99.99,1,1
1,99.95,0.0,84.15,32.98,1,99.95,89.38,99.99,1,1
1,99.9,0.0,89.63,34.07,1,99.9,93.16,99.99,1,1
1,100.0,100.0,99.88,95.12,1,100.0,99.99,100.0,1,1
1,99.71,0.0,98.44,27.75,1,99.71,98.87,100.0,1,1
1,100.0,100.0,99.88,54.9,1,100.0,99.95,100.0,1,1
1,100.0,0.0,98.76,32.12,1,100.0,99.16,100.0,1,1
1,100.0,100.0,97.79,69.67,1,100.0,99.33,100.0,1,1
1,99.9,100.0,14.11,53.83,1,100.0,60.34,100.0,1,1
1,99.9,0.0,41.03,30.99,1,99.9,59.3,99.96,1,1
1,100.0,0.0,54.8,44.65,1,100.0,74.98,100.0,1,1
1,100.0,100.0,91.21,94.03,1,100.0,99.48,100.0,1,1
1,99.95,0.0,61.39,58.33,1,99.95,83.91,99.99,1,1
1,100.0,0.0,18.83,29.92,1,100.0,43.12,100.0,1,1
1,99.76,100.0,94.27,93.77,1,100.0,99.64,100.0,1,1
1,100.0,0.0,56.85,31.52,1,100.0,70.45,100.0,1,1
1,100.0,0.0,99.15,41.11,1,100.0,99.5,100.0,1,1
1,100.0,0.0,49.38,29.87,1,100.0,64.5,100.0,1,1
1,99.95,100.0,94.55,93.83,1,100.0,99.66,100.0,1,1
1,100.0,100.0,72.02,84.61,1,100.0,95.69,100.0,1,1
1,100.0,100.0,89.46,95.56,1,100.0,99.53,100.0,1,1
1,99.95,100.0,99.14,90.94,1,100.0,99.92,100.0,1,1
1,100.0,100.0,15.46,81.08,1,100.0,84.01,100.0,1,1
1,100.0,100.0,99.05,95.14,1,100.0,99.95,100.0,1,1
1,100.0,100.0,98.13,90.21,1,100.0,99.82,100.0,1,1
1,100.0,0.0,32.68,34.63,1,100.0,55.99,100.0,1,1
1,99.95,0.0,99.86,39.44,1,99.95,99.92,100.0,1,1
1,99.71,0.0,87.57,46.27,1,99.71,93.32,99.98,1,1
1,99.56,0.01,49.2,91.37,1,99.56,95.62,99.98,1,1
1,100.0,99.99,99.98,91.56,1,100.0,100.0,100.0,1,1
1,100.0,0.0,95.2,71.02,1,100.0,98.61,100.0,1,1
1,100.0,0.0,99.92,37.07,1,100.0,99.95,100.0,1,1
1,100.0,100.0,98.63,87.61,1,100.0,99.83,100.0,1,1
1,100.0,100.0,96.29,91.45,1,100.0,99.68,100.0,1,1
1,99.8,100.0,99.82,81.76,1,100.0,99.97,100.0,1,1
1,100.0,0.0,65.77,36.83,1,100.0,78.38,100.0,1,1
1,100.0,100.0,92.16,75.41,1,100.0,98.07,100.0,1,1
1,0.0,100.0,86.91,92.64,1,100.0,99.04,100.0,1,1
1,100.0,100.0,97.8,88.62,1,100.0,99.75,100.0,1,1
1,99.95,0.0,13.78,30.92,1,99.95,40.44,99.97,1,1
1,100.0,0.0,87.72,92.49,1,100.0,99.08,100.0,1,1
1,99.66,0.0,99.91,31.72,1,99.66,99.94,100.0,1,1
1,100.0,100.0,94.55,89.25,1,100.0,99.41,100.0,1,1
1,100.0,100.0,20.71,95.54,1,100.0,96.46,100.0,1,1
1,100.0,100.0,99.85,95.08,1,100.0,99.99,100.0,1,1
1,91.36,0.0,42.78,41.63,1,91.36,66.6,97.11,1,1
1,100.0,100.0,99.79,81.43,1,100.0,99.96,100.0,1,1
1,100.0,100.0,99.94,62.43,1,100.0,99.98,100.0,1,1
1,100.0,100.0,22.7,93.33,1,100.0,94.84,100.0,1,1
1,100.0,0.0,99.82,39.35,1,100.0,99.89,100.0,1,1
1,99.95,0.0,40.56,38.72,1,99.95,63.58,99.98,1,1
1,100.0,100.0,99.08,87.74,1,100.0,99.89,100.0,1,1
1,100.0,0.0,99.88,34.89,1,100.0,99.92,100.0,1,1
1,99.95,100.0,97.03,69.01,1,100.0,99.08,100.0,1,1
1,99.9,0.0,92.8,34.44,1,99.9,95.28,100.0,1,1
1,100.0,100.0,98.86,50.01,1,100.0,99.43,100.0,1,1
1,99.9,0.0,92.9,33.74,1,99.9,95.3,100.0,1,1
1,100.0,0.0,99.8,33.93,1,100.0,99.87,100.0,1,1
1,99.95,0.0,56.17,44.51,1,99.95,75.68,99.99,1,1
1,99.56,0.0,58.48,28.93,1,99.56,70.49,99.87,1,1
1,100.0,100.0,98.84,72.68,1,100.0,99.68,100.0,1,1
1,100.0,100.0,98.97,77.84,1,100.0,99.77,100.0,1,1
1,100.0,100.0,91.61,92.71,1,100.0,99.39,100.0,1,1
1,100.0,100.0,99.93,57.62,1,100.0,99.97,100.0,1,1
1,100.0,0.0,74.86,31.5,1,100.0,82.78,100.0,1,1
1,100.0,100.0,90.7,93.67,1,100.0,99.41,100.0,1,1
1,100.0,99.99,98.79,92.64,1,100.0,99.91,100.0,1,1
1,100.0,0.0,99.47,35.0,1,100.0,99.66,100.0,1,1
1,100.0,100.0,68.64,86.31,1,100.0,95.71,100.0,1,1
1,100.0,0.0,97.59,31.57,1,100.0,98.35,100.0,1,1
1,100.0,0.0,83.3,26.41,1,100.0,87.71,100.0,1,1
1,100.0,100.0,99.3,53.61,1,100.0,99.68,100.0,1,1
1,100.0,100.0,99.62,95.37,1,100.0,99.98,100.0,1,1
1,100.0,100.0,99.35,91.54,1,100.0,99.95,100.0,1,1
1,100.0,98.97,99.3,49.87,1,100.0,99.65,100.0,1,1
1,100.0,0.0,62.91,33.7,1,100.0,75.41,100.0,1,1
1,99.95,0.0,58.37,52.42,1,99.95,80.19,99.99,1,1
1,99.9,0.0,99.24,30.32,1,99.9,99.47,100.0,1,1
1,100.0,0.0,11.77,45.24,1,100.0,51.69,100.0,1,1
1,100.0,0.0,67.6,27.51,1,100.0,76.51,100.0,1,1
1,99.9,0.0,18.96,40.09,1,99.9,51.45,99.95,1,1
1,100.0,100.0,99.96,49.34,1,100.0,99.98,100.0,1,1
1,100.0,0.0,99.34,41.66,1,100.0,99.61,100.0,1,1
1,99.76,100.0,99.49,93.5,1,100.0,99.97,100.0,1,1
1,100.0,100.0,99.97,74.35,1,100.0,99.99,100.0,1,1
1,100.0,100.0,14.61,95.35,1,100.0,96.03,100.0,1,1
1,99.95,0.0,9.84,29.02,1,99.95,36.0,99.97,1,1
1,100.0,0.0,77.56,29.56,1,100.0,84.19,100.0,1,1
1,100.0,100.0,99.82,95.82,1,100.0,99.99,100.0,1,1
1,99.66,0.0,42.83,32.61,1,99.66,61.47,99.87,1,1
1,99.95,0.0,64.49,33.48,1,99.95,76.38,99.99,1,1
1,100.0,0.0,99.82,34.4,1,100.0,99.88,100.0,1,1
1,100.0,0.0,98.71,32.5,1,100.0,99.13,100.0,1,1
1,100.0,0.0,22.7,28.68,1,100.0,44.87,100.0,1,1
1,99.95,100.0,99.95,91.26,1,100.0,100.0,100.0,1,1
1,99.95,0.0,99.74,28.2,1,99.95,99.81,100.0,1,1
1,100.0,100.0,98.43,49.64,1,100.0,99.21,100.0,1,1
1,100.0,100.0,99.98,79.41,1,100.0,100.0,100.0,1,1
1,99.51,0.0,99.03,29.65,1,99.51,99.32,100.0,1,1
1,100.0,0.0,95.77,34.1,1,100.0,97.21,100.0,1,1
1,100.0,100.0,30.56,95.4,1,100.0,96.81,100.0,1,1
1,100.0,100.0,99.63,70.18,1,100.0,99.89,100.0,1,1
1,99.9,0.0,98.83,33.91,1,99.9,99.23,100.0,1,1
1,100.0,100.0,94.05,95.77,1,100.0,99.75,100.0,1,1
1,100.0,100.0,99.79,75.63,1,100.0,99.95,100.0,1,1
1,100.0,100.0,99.0,73.31,1,100.0,99.73,100.0,1,1
1,99.95,0.0,3.64,33.95,1,99.95,36.35,99.97,1,1
1,99.95,100.0,89.29,95.86,1,100.0,99.56,100.0,1,1
1,100.0,100.0,99.76,56.08,1,100.0,99.89,100.0,1,1
1,100.0,0.0,99.79,29.47,1,100.0,99.85,100.0,1,1
1,99.85,0.04,90.0,84.0,1,99.85,98.4,100.0,1,1
1,100.0,0.0,99.75,24.28,1,100.0,99.81,100.0,1,1
1,99.95,0.0,92.91,38.58,1,99.95,95.65,100.0,1,1
1,100.0,100.0,99.66,76.82,1,100.0,99.92,100.0,1,1
1,100.0,0.0,60.9,43.25,1,100.0,77.81,100.0,1,1
1,99.95,99.98,99.79,88.17,1,100.0,99.98,100.0,1,1
1,94.19,0.0,98.15,29.1,1,94.19,98.69,99.92,1,1
1,100.0,100.0,99.55,76.34,1,100.0,99.89,100.0,1,1
1,100.0,100.0,99.91,46.83,1,100.0,99.95,100.0,1,1
1,100.0,0.0,99.97,28.24,1,100.0,99.98,100.0,1,1
1,99.95,100.0,64.59,94.76,1,100.0,98.14,100.0,1,1
1,100.0,100.0,79.39,95.17,1,100.0,99.0,100.0,1,1
1,99.9,0.0,54.44,31.7,1,99.9,68.88,99.97,1,1
1,100.0,100.0,96.14,90.35,1,100.0,99.63,100.0,1,1
1,100.0,100.0,93.97,87.91,1,100.0,99.27,100.0,1,1
1,100.0,0.0,21.77,34.04,1,100.0,48.4,100.0,1,1
1,0.01,99.99,9.72,88.4,1,99.99,89.53,100.0,1,1
1,100.0,100.0,88.13,92.66,1,100.0,99.13,100.0,1,1
1,99.95,100.0,97.54,95.08,1,100.0,99.88,100.0,1,1
1,100.0,100.0,99.73,94.34,1,100.0,99.98,100.0,1,1
1,99.85,0.0,8.75,31.58,1,99.85,37.57,99.91,1,1
1,99.9,100.0,99.99,95.44,1,100.0,100.0,100.0,1,1
1,99.95,100.0,16.56,93.16,1,100.0,94.29,100.0,1,1
1,100.0,0.0,79.44,32.49,1,100.0,86.12,100.0,1,1
1,100.0,0.0,57.75,36.8,1,100.0,73.3,100.0,1,1
1,100.0,100.0,99.55,79.13,1,100.0,99.91,100.0,1,1
1,100.0,100.0,99.4,78.38,1,100.0,99.87,100.0,1,1
1,100.0,0.0,65.62,91.35,1,100.0,97.03,100.0,1,1
1,99.95,0.0,20.36,23.8,1,99.95,39.31,99.97,1,1
1,100.0,100.0,68.89,92.66,1,100.0,97.72,100.0,1,1
1,100.0,100.0,95.28,93.77,1,100.0,99.71,100.0,1,1
1,100.0,0.0,99.23,71.02,1,100.0,99.78,100.0,1,1
1,100.0,100.0,99.95,46.32,1,100.0,99.97,100.0,1,1
1,100.0,100.0,99.98,81.62,1,100.0,100.0,100.0,1,1
1,100.0,100.0,99.23,93.99,1,100.0,99.95,100.0,1,1
1,100.0,0.0,87.36,45.75,1,100.0,93.14,100.0,1,1
1,100.0,100.0,99.76,95.87,1,100.0,99.99,100.0,1,1
1,100.0,100.0,99.97,73.8,1,100.0,99.99,100.0,1,1
1,100.0,100.0,99.34,93.33,1,100.0,99.96,100.0,1,1
1,100.0,99.99,99.63,61.61,1,100.0,99.86,100.0,1,1
1,100.0,100.0,97.87,33.31,1,100.0,98.58,100.0,1,1
1,99.95,0.0,97.7,43.63,1,99.95,98.7,100.0,1,1
1,99.95,100.0,71.11,95.84,1,100.0,98.8,100.0,1,1
1,100.0,100.0,46.26,86.18,1,100.0,92.57,100.0,1,1
1,100.0,100.0,91.12,83.23,1,100.0,98.51,100.0,1,1
1,100.0,100.0,99.77,95.66,1,100.0,99.99,100.0,1,1
1,100.0,0.0,68.15,32.51,1,100.0,78.5,100.0,1,1
1,99.95,100.0,99.36,92.63,1,100.0,99.95,100.0,1,1
1,100.0,100.0,99.87,95.19,1,100.0,99.99,100.0,1,1
1,100.0,0.0,98.87,29.56,1,100.0,99.2,100.0,1,1
1,99.95,100.0,71.53,95.27,1,100.0,98.65,100.0,1,1
1,100.0,0.0,99.62,40.2,1,100.0,99.77,100.0,1,1
1,100.0,100.0,99.94,60.91,1,100.0,99.98,100.0,1,1
1,100.0,100.0,99.53,94.25,1,100.0,99.97,100.0,1,1
1,13.79,0.0,2.21,30.21,1,13.79,31.75,41.16,0,0
1,100.0,0.0,98.23,33.21,1,100.0,98.82,100.0,1,1
1,100.0,100.0,99.95,94.19,1,100.0,100.0,100.0,1,1
1,100.0,0.0,98.78,35.18,1,100.0,99.21,100.0,1,1
1,100.0,100.0,99.85,95.19,1,100.0,99.99,100.0,1,1
1,100.0,100.0,18.81,92.23,1,100.0,93.69,100.0,1,1
1,100.0,100.0,63.23,94.56,1,100.0,98.0,100.0,1,1
1,100.0,100.0,98.06,86.84,1,100.0,99.74,100.0,1,1
1,99.51,100.0,98.07,92.02,1,100.0,99.85,100.0,1,1
1,100.0,0.0,99.46,41.29,1,100.0,99.68,100.0,1,1
1,100.0,100.0,97.84,92.18,1,100.0,99.83,100.0,1,1
1,99.17,0.0,78.13,33.13,1,99.17,85.38,99.88,1,1
1,100.0,100.0,3.14,93.32,1,100.0,93.53,100.0,1,1
1,99.95,0.0,24.54,85.68,1,99.95,89.19,99.99,1,1
1,100.0,0.0,99.9,34.0,1,100.0,99.93,100.0,1,1
1,100.0,100.0,97.24,92.56,1,100.0,99.79,100.0,1,1
1,100.0,0.0,5.44,29.75,1,100.0,33.57,100.0,1,1
1,100.0,0.0,86.04,39.64,1,100.0,91.57,100.0,1,1
1,99.66,0.0,97.38,34.84,1,99.66,98.29,99.99,1,1
1,100.0,100.0,99.96,81.22,1,100.0,99.99,100.0,1,1
1,100.0,0.0,97.55,32.52,1,100.0,98.35,100.0,1,1
1,100.0,100.0,98.54,95.58,1,100.0,99.94,100.0,1,1
1,100.0,100.0,90.92,77.83,1,100.0,97.99,100.0,1,1
1,100.0,100.0,99.97,95.22,1,100.0,100.0,100.0,1,1
1,100.0,100.0,99.87,32.63,1,100.0,99.91,100.0,1,1
1,100.0,100.0,24.8,92.92,1,100.0,94.68,100.0,1,1
1,100.0,100.0,95.23,82.35,1,100.0,99.16,100.0,1,1
1,100.0,100.0,99.35,93.14,1,100.0,99.96,100.0,1,1
1,100.0,100.0,99.82,94.66,1,100.0,99.99,100.0,1,1
1,100.0,100.0,94.72,35.31,1,100.0,96.58,100.0,1,1
1,100.0,100.0,99.99,36.4,1,100.0,99.99,100.0,1,1
1,100.0,100.0,98.86,80.69,1,100.0,99.78,100.0,1,1
1,100.0,100.0,98.21,94.01,1,100.0,99.89,100.0,1,1
1,100.0,0.0,99.77,38.11,1,100.0,99.86,100.0,1,1
1,100.0,100.0,74.1,89.43,1,100.0,97.26,100.0,1,1
1,0.0,100.0,9.81,95.52,1,100.0,95.96,100.0,1,1
1,100.0,100.0,99.96,95.37,1,100.0,100.0,100.0,1,1
1,99.95,100.0,99.65,95.22,1,100.0,99.98,100.0,1,1
1,100.0,100.0,11.07,74.93,1,100.0,77.71,100.0,1,1
1,100.0,100.0,78.63,95.14,1,100.0,98.96,100.0,1,1
1,100.0,0.0,99.93,34.32,1,100.0,99.95,100.0,1,1
1,99.95,0.0,44.19,32.35,1,99.95,62.24,99.98,1,1
1,100.0,100.0,95.74,92.8,1,100.0,99.69,100.0,1,1
1,100.0,100.0,97.55,88.66,1,100.0,99.72,100.0,1,1
1,100.0,100.0,99.88,93.22,1,100.0,99.99,100.0,1,1
1,99.9,0.0,99.97,31.72,1,99.9,99.98,100.0,1,1
1,100.0,100.0,99.9,94.11,1,100.0,99.99,100.0,1,1
1,100.0,0.01,30.7,83.28,1,100.0,88.41,100.0,1,1
1,100.0,0.0,99.22,45.46,1,100.0,99.57,100.0,1,1
1,100.0,0.0,99.1,34.4,1,100.0,99.41,100.0,1,1
1,99.95,0.0,4.51,29.3,1,99.95,32.49,99.97,1,1
1,99.95,0.0,99.93,44.14,1,99.95,99.96,100.0,1,1
1,100.0,0.0,22.68,48.56,1,100.0,60.23,100.0,1,1
1,100.0,0.0,98.93,41.11,1,100.0,99.37,100.0,1,1
1,100.0,0.0,99.54,30.21,1,100.0,99.68,100.0,1,1
1,100.0,0.0,85.19,27.21,1,100.0,89.22,100.0,1,1
1,100.0,0.0,94.9,35.22,1,100.0,96.7,100.0,1,1
1,99.9,100.0,97.01,85.07,1,100.0,99.55,100.0,1,1
1,100.0,100.0,99.19,94.02,1,100.0,99.95,100.0,1,1
1,100.0,100.0,99.91,93.44,1,100.0,99.99,100.0,1,1
1,100.0,100.0,99.98,94.03,1,100.0,100.0,100.0,1,1
1,100.0,100.0,99.87,95.26,1,100.0,99.99,100.0,1,1
1,99.9,0.0,96.0,46.24,1,99.9,97.85,100.0,1,1
1,100.0,0.0,99.78,66.79,1,100.0,99.93,100.0,1,1
1,100.0,0.0,9.84,35.14,1,100.0,41.52,100.0,1,1
1,100.0,100.0,98.7,92.57,1,100.0,99.9,100.0,1,1
1,99.95,99.98,37.29,31.82,1,100.0,57.24,100.0,1,1
1,100.0,100.0,99.98,71.18,1,100.0,99.99,100.0,1,1
1,100.0,0.0,99.88,27.27,1,100.0,99.91,100.0,1,1
1,99.9,0.0,99.79,38.55,1,99.9,99.87,100.0,1,1
1,100.0,0.0,92.4,36.0,1,100.0,95.14,100.0,1,1
1,100.0,0.0,96.75,44.67,1,100.0,98.2,100.0,1,1
1,100.0,100.0,99.36,73.11,1,100.0,99.83,100.0,1,1
1,100.0,0.0,86.74,35.1,1,100.0,91.39,100.0,1,1
1,100.0,100.0,99.94,49.34,1,100.0,99.97,100.0,1,1
1,99.95,0.0,6.53,29.74,1,99.95,34.33,99.97,1,1
1,100.0,0.0,93.52,30.48,1,100.0,95.5,100.0,1,1
1,98.97,100.0,21.15,71.32,1,100.0,77.39,100.0,1,1
1,100.0,0.01,99.87,62.64,1,100.0,99.95,100.0,1,1
1,100.0,100.0,11.83,77.31,1,100.0,79.99,100.0,1,1
1,100.0,99.99,99.99,85.26,1,100.0,100.0,100.0,1,1
1,100.0,100.0,99.86,32.39,1,100.0,99.91,100.0,1,1
1,99.95,99.99,53.23,72.78,1,100.0,87.27,100.0,1,1
1,100.0,0.0,98.48,28.78,1,100.0,98.92,100.0,1,1
1,100.0,100.0,20.66,89.2,1,100.0,91.43,100.0,1,1
1,100.0,100.0,33.92,57.45,1,100.0,71.88,100.0,1,1
1,100.0,100.0,99.82,90.33,1,100.0,99.98,100.0,1,1
1,100.0,100.0,99.82,84.82,1,100.0,99.97,100.0,1,1
1,100.0,100.0,97.97,33.81,1,100.0,98.66,100.0,1,1
1,100.0,100.0,99.95,93.61,1,100.0,100.0,100.0,1,1
1,100.0,0.02,99.99,32.2,1,100.0,99.99,100.0,1,1
1,100.0,100.0,99.98,37.81,1,100.0,99.99,100.0,1,1
1,100.0,100.0,99.97,80.08,1,100.0,99.99,100.0,1,1
1,100.0,100.0,99.72,90.78,1,100.0,99.97,100.0,1,1
1,99.95,0.0,99.66,37.06,1,99.95,99.79,100.0,1,1
1,100.0,100.0,57.52,95.23,1,100.0,97.97,100.0,1,1
1,100.0,100.0,99.94,96.14,1,100.0,100.0,100.0,1,1
1,100.0,100.0,99.75,36.79,1,100.0,99.84,100.0,1,1
1,99.95,0.0,96.56,35.89,1,99.95,97.79,100.0,1,1
1,100.0,100.0,99.5,40.74,1,100.0,99.7,100.0,1,1
1,100.0,100.0,99.59,95.58,1,100.0,99.98,100.0,1,1
