threshold,auc,acc,precision,recall,f1,tn,fp,fn,tp,strategy
0.3,92.58,85.8,84.42,87.8,86.08,419,81,61,439,영상 단독
0.35,92.58,85.7,85.49,86.0,85.74,427,73,70,430,영상 단독
0.4,92.58,85.9,86.41,85.2,85.8,433,67,74,426,영상 단독
0.45,92.58,85.7,87.11,83.8,85.42,438,62,81,419,영상 단독
0.5,92.58,85.9,88.27,82.8,85.45,445,55,86,414,영상 단독
0.55,92.58,86.2,89.87,81.6,85.53,454,46,92,408,영상 단독
0.6,92.58,85.9,90.89,79.8,84.98,460,40,101,399,영상 단독
0.65,92.58,85.2,91.31,77.8,84.02,463,37,111,389,영상 단독
0.7,92.58,84.9,92.67,75.8,83.39,470,30,121,379,영상 단독
0.75,92.58,84.5,93.67,74.0,82.68,475,25,130,370,영상 단독
0.8,92.58,84.0,94.04,72.6,81.94,477,23,137,363,영상 단독
0.85,92.58,83.6,94.44,71.4,81.32,479,21,143,357,영상 단독
0.9,92.58,81.7,95.42,66.6,78.45,484,16,167,333,영상 단독
0.3,81.42,61.3,57.09,91.0,70.16,158,342,45,455,오디오 단독
0.35,81.42,73.1,72.6,74.2,73.39,360,140,129,371,오디오 단독
0.4,81.42,74.6,79.71,66.0,72.21,416,84,170,330,오디오 단독
0.45,81.42,74.8,85.03,60.2,70.49,447,53,199,301,오디오 단독
0.5,81.42,74.1,87.08,56.6,68.61,458,42,217,283,오디오 단독
0.55,81.42,73.9,89.44,54.2,67.5,468,32,229,271,오디오 단독
0.6,81.42,73.5,90.38,52.6,66.5,472,28,237,263,오디오 단독
0.65,81.42,73.8,93.75,51.0,66.06,483,17,245,255,오디오 단독
0.7,81.42,73.4,93.98,50.0,65.27,484,16,250,250,오디오 단독
0.75,81.42,71.9,95.44,46.0,62.08,489,11,270,230,오디오 단독
0.8,81.42,69.6,95.37,41.2,57.54,490,10,294,206,오디오 단독
0.85,81.42,67.3,96.76,35.8,52.26,494,6,321,179,오디오 단독
0.9,81.42,64.7,97.42,30.2,46.11,496,4,349,151,오디오 단독
0.3,94.52,52.8,51.44,100.0,67.93,28,472,0,500,OR (1-(1-pv)(1-pa))
0.35,94.52,63.2,57.73,98.6,72.82,139,361,7,493,OR (1-(1-pv)(1-pa))
0.4,94.52,72.0,64.71,96.8,77.56,236,264,16,484,OR (1-(1-pv)(1-pa))
0.45,94.52,79.5,72.25,95.8,82.37,316,184,21,479,OR (1-(1-pv)(1-pa))
0.5,94.52,83.9,77.74,95.0,85.51,364,136,25,475,OR (1-(1-pv)(1-pa))
0.55,94.52,85.8,80.76,94.0,86.88,388,112,30,470,OR (1-(1-pv)(1-pa))
0.6,94.52,86.7,82.48,93.2,87.51,401,99,34,466,OR (1-(1-pv)(1-pa))
0.65,94.52,87.5,85.05,91.0,87.92,420,80,45,455,OR (1-(1-pv)(1-pa))
0.7,94.52,88.0,86.54,90.0,88.24,430,70,50,450,OR (1-(1-pv)(1-pa))
0.75,94.52,88.9,89.13,88.6,88.87,446,54,57,443,OR (1-(1-pv)(1-pa))
0.8,94.52,88.4,90.85,85.4,88.04,457,43,73,427,OR (1-(1-pv)(1-pa))
0.85,94.52,88.7,93.1,83.6,88.09,469,31,82,418,OR (1-(1-pv)(1-pa))
0.9,94.52,87.5,93.71,80.4,86.54,473,27,98,402,OR (1-(1-pv)(1-pa))
0.3,94.41,84.5,96.25,71.8,82.25,486,14,141,359,AND (pv × pa)
0.35,94.41,78.9,98.01,59.0,73.66,494,6,205,295,AND (pv × pa)
0.4,94.41,76.3,98.52,53.4,69.26,496,4,233,267,AND (pv × pa)
0.45,94.41,74.3,99.19,49.0,65.6,498,2,255,245,AND (pv × pa)
0.5,94.41,72.8,99.14,46.0,62.84,498,2,270,230,AND (pv × pa)
0.55,94.41,72.4,100.0,44.8,61.88,500,0,276,224,AND (pv × pa)
0.6,94.41,71.5,100.0,43.0,60.14,500,0,285,215,AND (pv × pa)
0.65,94.41,70.5,100.0,41.0,58.16,500,0,295,205,AND (pv × pa)
0.7,94.41,69.4,100.0,38.8,55.91,500,0,306,194,AND (pv × pa)
0.75,94.41,67.3,100.0,34.6,51.41,500,0,327,173,AND (pv × pa)
0.8,94.41,64.6,100.0,29.2,45.2,500,0,354,146,AND (pv × pa)
0.85,94.41,61.8,100.0,23.6,38.19,500,0,382,118,AND (pv × pa)
0.9,94.41,59.2,100.0,18.4,31.08,500,0,408,92,AND (pv × pa)
0.3,94.76,84.8,79.19,94.4,86.13,376,124,28,472,Mean ((pv+pa)/2)
0.35,94.76,86.8,82.62,93.2,87.59,402,98,34,466,Mean ((pv+pa)/2)
0.4,94.76,87.8,85.53,91.0,88.18,423,77,45,455,Mean ((pv+pa)/2)
0.45,94.76,88.8,88.65,89.0,88.82,443,57,55,445,Mean ((pv+pa)/2)
0.5,94.76,88.5,90.7,85.8,88.18,456,44,71,429,Mean ((pv+pa)/2)
0.55,94.76,87.7,93.33,81.2,86.84,471,29,94,406,Mean ((pv+pa)/2)
0.6,94.76,86.4,95.27,76.6,84.92,481,19,117,383,Mean ((pv+pa)/2)
0.65,94.76,82.7,97.95,66.8,79.43,493,7,166,334,Mean ((pv+pa)/2)
0.7,94.76,75.6,98.85,51.8,67.98,497,3,241,259,Mean ((pv+pa)/2)
0.75,94.76,72.9,100.0,45.8,62.83,500,0,271,229,Mean ((pv+pa)/2)
0.8,94.76,71.2,100.0,42.4,59.55,500,0,288,212,Mean ((pv+pa)/2)
0.85,94.76,69.2,100.0,38.4,55.49,500,0,308,192,Mean ((pv+pa)/2)
0.9,94.76,64.5,100.0,29.0,44.96,500,0,355,145,Mean ((pv+pa)/2)
0.3,94.47,86.3,81.79,93.4,87.21,396,104,33,467,Weighted (α=0.7 영상)
0.35,94.47,87.3,84.73,91.0,87.75,418,82,45,455,Weighted (α=0.7 영상)
0.4,94.47,87.5,87.13,88.0,87.56,435,65,60,440,Weighted (α=0.7 영상)
0.45,94.47,86.8,88.17,85.0,86.56,443,57,75,425,Weighted (α=0.7 영상)
0.5,94.47,87.1,90.24,83.2,86.58,455,45,84,416,Weighted (α=0.7 영상)
0.55,94.47,86.6,91.22,81.0,85.81,461,39,95,405,Weighted (α=0.7 영상)
0.6,94.47,86.4,93.13,78.6,85.25,471,29,107,393,Weighted (α=0.7 영상)
0.65,94.47,85.7,94.07,76.2,84.2,476,24,119,381,Weighted (α=0.7 영상)
0.7,94.47,85.0,94.64,74.2,83.18,479,21,129,371,Weighted (α=0.7 영상)
0.75,94.47,83.8,96.43,70.2,81.25,487,13,149,351,Weighted (α=0.7 영상)
0.8,94.47,77.1,99.27,54.6,70.45,498,2,227,273,Weighted (α=0.7 영상)
0.85,94.47,71.2,100.0,42.4,59.55,500,0,288,212,Weighted (α=0.7 영상)
0.9,94.47,67.9,100.0,35.8,52.72,500,0,321,179,Weighted (α=0.7 영상)
0.3,94.68,86.0,81.03,94.0,87.04,390,110,30,470,Weighted (α=0.6 영상)
0.35,94.68,87.3,83.48,93.0,87.98,408,92,35,465,Weighted (α=0.6 영상)
0.4,94.68,88.0,86.68,89.8,88.21,431,69,51,449,Weighted (α=0.6 영상)
0.45,94.68,88.1,88.64,87.4,88.02,444,56,63,437,Weighted (α=0.6 영상)
0.5,94.68,87.5,90.32,84.0,87.05,455,45,80,420,Weighted (α=0.6 영상)
0.55,94.68,86.7,92.18,80.2,85.78,466,34,99,401,Weighted (α=0.6 영상)
0.6,94.68,86.6,93.78,78.4,85.4,474,26,108,392,Weighted (α=0.6 영상)
0.65,94.68,85.5,94.94,75.0,83.8,480,20,125,375,Weighted (α=0.6 영상)
0.7,94.68,83.9,96.69,70.2,81.34,488,12,149,351,Weighted (α=0.6 영상)
0.75,94.68,76.4,99.25,53.2,69.27,498,2,234,266,Weighted (α=0.6 영상)
0.8,94.68,72.1,100.0,44.2,61.3,500,0,279,221,Weighted (α=0.6 영상)
0.85,94.68,70.1,100.0,40.2,57.35,500,0,299,201,Weighted (α=0.6 영상)
0.9,94.68,65.9,100.0,31.8,48.25,500,0,341,159,Weighted (α=0.6 영상)
0.3,93.43,62.3,57.21,97.6,72.14,135,365,12,488,"Max (max(pv, pa))"
0.35,93.43,78.4,71.26,95.2,81.51,308,192,24,476,"Max (max(pv, pa))"
0.4,93.43,83.4,77.47,94.2,85.02,363,137,29,471,"Max (max(pv, pa))"
0.45,93.43,85.3,80.91,92.4,86.27,391,109,38,462,"Max (max(pv, pa))"
0.5,93.43,86.3,83.06,91.2,86.94,407,93,44,456,"Max (max(pv, pa))"
0.55,93.43,87.4,85.42,90.2,87.74,423,77,49,451,"Max (max(pv, pa))"
0.6,93.43,87.2,86.61,88.0,87.3,432,68,60,440,"Max (max(pv, pa))"
0.65,93.43,88.0,88.93,86.8,87.85,446,54,66,434,"Max (max(pv, pa))"
0.7,93.43,88.1,90.27,85.4,87.77,454,46,73,427,"Max (max(pv, pa))"
0.75,93.43,88.4,92.11,84.0,87.87,464,36,80,420,"Max (max(pv, pa))"
0.8,93.43,87.9,92.58,82.4,87.2,467,33,88,412,"Max (max(pv, pa))"
0.85,93.43,87.5,93.71,80.4,86.54,473,27,98,402,"Max (max(pv, pa))"
0.9,93.43,85.9,94.99,75.8,84.32,480,20,121,379,"Max (max(pv, pa))"
0.3,93.82,62.3,57.21,97.6,72.14,135,365,12,488,OR+AND 하이브리드
0.35,93.82,67.3,60.85,97.0,74.79,188,312,15,485,OR+AND 하이브리드
0.4,93.82,74.0,66.57,96.4,78.76,258,242,18,482,OR+AND 하이브리드
0.45,93.82,80.2,73.02,95.8,82.87,323,177,21,479,OR+AND 하이브리드
0.5,93.82,84.0,77.87,95.0,85.59,365,135,25,475,OR+AND 하이브리드
0.55,93.82,85.8,80.76,94.0,86.88,388,112,30,470,OR+AND 하이브리드
0.6,93.82,86.7,82.48,93.2,87.51,401,99,34,466,OR+AND 하이브리드
0.65,93.82,87.5,85.05,91.0,87.92,420,80,45,455,OR+AND 하이브리드
0.7,93.82,88.0,86.54,90.0,88.24,430,70,50,450,OR+AND 하이브리드
0.75,93.82,88.9,89.13,88.6,88.87,446,54,57,443,OR+AND 하이브리드
0.8,93.82,88.4,90.85,85.4,88.04,457,43,73,427,OR+AND 하이브리드
0.85,93.82,88.5,93.06,83.2,87.86,469,31,84,416,OR+AND 하이브리드
0.9,93.82,87.0,93.63,79.4,85.93,473,27,103,397,OR+AND 하이브리드
