video_label,fake_type,speaker,youtube_id,seq_id,p_v_artifact,p_a_artifact,p_v_emotion,p_a_emotion,audio_model,visual_model,operations
1,fake_audio_only,id05055,s-76NOkC7vU,467,0.15,20.61,32.37,33.3,,,
1,fake_audio_only,id00622,lzOdyh016ug,333,0.0,4.96,97.71,32.28,,,
1,fake_audio_only,id09092,dYj6J97F-Qc,146,0.0,0.0,8.24,41.04,,,
1,fake_audio_only,id03670,CSpIuSObQIM,5,0.0,95.94,85.16,32.62,,,
1,fake_video_only,id09010,PsZniY0iOTU,110,0.02,0.21,6.83,34.4,,,
1,fake_audio_only,id05710,YCBvz-yQ1uQ,333,0.0,99.92,64.06,55.13,,,
1,fake_audio_only,id00019,gIVdrxBp-_4,167,0.0,0.03,95.17,28.32,,,
1,fake_audio_only,id08937,aW9QxwZu29A,254,0.36,61.27,34.4,29.3,,,
1,fake_both,id06982,BxNwN--TkYo,26,0.0,99.99,98.34,26.51,,,
0,real,id01618,p_pa0JGeT3g,178,0.02,0.0,98.73,31.18,,,
1,fake_both,id06524,vr5mpBGEgnM,201,0.0,0.0,97.56,31.49,,,
0,real,id05989,cm4Ex7T9vpg,275,0.0,0.0,2.68,44.07,,,
1,fake_audio_only,id00372,x_c6drRqiCg,189,0.0,0.18,32.69,32.67,,,
1,fake_both,id04475,g6b6bOgoCfM,45,0.0,82.18,70.75,30.15,,,
1,fake_both,id03017,TAkNtCL4O6I,25,0.06,0.01,9.45,30.49,,,
1,fake_both,id01503,EhFHNtyLgs4,3,0.0,100.0,0.61,27.05,,,
1,fake_video_only,id01681,VolWPf5mdvA,335,0.0,0.07,55.96,29.93,,,
1,fake_both,id04265,GXHs3QzxwVM,127,0.0,0.02,8.28,61.57,,,
1,fake_both,id04334,fL6Rxe9BV_U,329,0.0,0.03,3.06,33.08,,,
1,fake_video_only,id08681,k6W0Zh2ROJo,125,0.03,0.06,31.93,25.49,,,
1,fake_audio_only,id00741,XoLXG1CgE0M,236,0.76,0.25,94.87,27.66,,,
0,real,id01823,5TDgZ1iQ7Xo,24,0.07,0.0,54.79,36.06,,,
1,fake_video_only,id03765,jfVqEfd4mIo,155,0.01,0.03,36.06,37.65,,,
1,fake_audio_only,id08629,YuEjbPHQN9s,244,0.33,0.53,94.87,36.99,,,
0,real,id04237,z23rrxKD5r4,175,0.0,0.0,2.01,23.9,,,
0,real,id03727,wmENtyQVktI,462,0.0,0.0,1.64,28.49,,,
0,real,id09163,uzq8MsMGgXc,69,0.02,0.0,77.88,29.2,,,
1,fake_both,id00903,_MX3OPgrH0o,212,1.18,99.97,3.8,41.8,,,
1,fake_both,id06415,y4Np6D14fLE,454,0.0,0.16,72.36,50.05,,,
1,fake_both,id01425,mC7A4Z5fzcE,152,0.0,99.96,46.0,30.59,,,
1,fake_video_only,id05771,Ucge64UmpDM,343,0.02,0.49,34.57,33.54,,,
0,real,id03312,EwvWbY_0NzU,119,0.0,0.0,99.27,32.81,,,
1,fake_audio_only,id02267,Q424KU8f4es,125,0.0,99.37,75.49,54.69,,,
1,fake_video_only,id07543,xwfNnfDR_Xc,193,0.02,0.06,90.72,28.12,,,
1,fake_video_only,id05066,yfB424bOmok,479,0.02,0.02,87.99,33.08,,,
0,real,id01187,Jcfm89ldSr8,45,0.02,0.0,1.91,33.42,,,
1,fake_audio_only,id02149,6-W7eMJszeo,16,0.02,0.2,19.78,31.81,,,
1,fake_audio_only,id00620,qM55wlhFsC8,360,0.0,97.58,99.66,32.84,,,
1,fake_both,id01329,oVdDY_YnIa0,79,0.01,0.03,1.83,63.33,,,
0,real,id00385,guBk0WFnuEE,373,0.0,0.0,85.69,32.62,,,
1,fake_video_only,id04266,vB6BFg_xgXg,455,0.1,0.0,99.66,69.14,,,
0,real,id05124,19PfDcmNjD0,19,0.07,0.0,6.95,33.15,,,
1,fake_video_only,id06792,Kd5oQFQvcRY,249,0.01,0.05,20.54,32.64,,,
1,fake_both,id01904,X5MJxBmxJtc,378,0.52,0.19,98.49,30.27,,,
1,fake_video_only,id05402,tv1PmGJkLjk,180,2.22,0.02,42.65,57.08,,,
1,fake_video_only,id04476,LZVDiJ4Ssyc,30,0.33,0.06,70.51,84.42,,,
1,fake_both,id04027,EXHEi7EsI1A,184,0.0,0.05,14.67,38.43,,,
1,fake_audio_only,id04996,JuiEearIwk0,54,0.74,0.16,1.82,39.75,,,
1,fake_video_only,id04100,_uJ-eK2x1so,106,0.0,0.04,9.01,31.74,,,
1,fake_both,id07835,VAG1Jw9lbEI,11,0.03,0.05,37.72,33.89,,,
1,fake_audio_only,id06856,9irdrSyL4LA,53,0.0,7.36,81.64,28.74,,,
1,fake_both,id02795,IBvk6KbJJ3E,25,0.0,0.1,5.49,43.19,,,
1,fake_video_only,id06196,ekcwjAqTyww,400,0.0,0.0,8.99,29.15,,,
1,fake_audio_only,id05989,69Hmrb9DVgc,54,0.01,0.0,4.87,36.99,,,
0,real,id05958,7pJaJmOfa60,13,0.0,0.0,48.63,73.1,,,
0,real,id06405,DvuBftq5MVE,36,0.22,0.0,6.88,89.99,,,
1,fake_audio_only,id02087,KDeuuAsv47U,124,0.0,27.23,0.53,29.69,,,
0,real,id05057,YG0JmpTOxYs,313,0.0,0.0,39.72,45.56,,,
0,real,id02075,VMlHsKDYc0w,264,0.0,0.0,7.41,26.12,,,
1,fake_both,id02153,_XeQfUWcVr4,30,0.0,0.02,37.16,30.81,,,
1,fake_video_only,id01875,yZpm_v9k2wY,208,76.86,0.01,2.53,30.69,,,
0,real,id03968,e1pzsyzrxak,105,0.0,0.0,86.13,31.03,,,
1,fake_audio_only,id02457,6EDLRIEYMzA,130,0.0,99.84,61.77,58.94,,,
0,real,id04907,xDiXBpPzQqE,459,0.0,0.0,1.9,27.17,,,
1,fake_audio_only,id04108,8A2Fl19u5UI,45,5.68,99.66,81.3,48.8,,,
1,fake_audio_only,id04842,3O7pCk0EKLE,59,0.02,0.13,99.9,25.56,,,
1,fake_audio_only,id00372,g3Gflb0hk0I,151,0.01,0.11,96.34,31.84,,,
1,fake_both,id02267,uXBwiTFPnao,381,0.18,58.09,21.45,29.52,,,
0,real,id00943,NaPoeg4z4CU,321,0.1,0.0,96.39,29.08,,,
1,fake_audio_only,id05727,KeO5uRYv-Kk,49,0.01,93.45,0.89,34.74,,,
0,real,id04818,z1OxhPjlUIU,178,0.01,0.0,2.71,28.76,,,
1,fake_video_only,id01857,w1pH2mbMNBI,417,0.01,0.0,96.97,29.3,,,
1,fake_audio_only,id06020,CHfqqMuholA,43,0.02,0.01,97.75,25.12,,,
1,fake_audio_only,id01471,s1vMsANbzgw,96,0.0,93.29,85.89,65.62,,,
1,fake_video_only,id08278,2DOETlMZnD4,136,0.0,0.0,99.61,43.41,,,
1,fake_video_only,id03201,nIjR_I8pHH8,333,0.0,0.02,99.95,32.01,,,
1,fake_audio_only,id06949,fSLGiAXf6j0,291,0.18,9.72,11.47,45.7,,,
0,real,id04320,6as3MDoBVmg,32,0.48,0.0,33.62,37.23,,,
1,fake_audio_only,id05905,U8o_Oylwr6g,36,0.0,94.99,10.3,54.54,,,
1,fake_video_only,id07396,BLjwWLkCJNM,29,0.01,0.03,59.28,56.25,,,
1,fake_audio_only,id01003,ObVoy_126sI,98,0.0,0.36,99.37,39.14,,,
0,real,id01160,xqyD6FByDII,480,2.51,0.0,80.37,52.49,,,
1,fake_video_only,id05986,gNnE-fQrqgA,266,0.19,0.02,73.73,27.86,,,
0,real,id07244,SChew4BWvJA,27,0.01,0.0,2.99,32.57,,,
1,fake_video_only,id02896,m8fKQdhaRzA,86,0.0,0.01,50.68,32.32,,,
1,fake_audio_only,id01121,YOcQSQFsaa0,312,0.0,21.11,99.41,31.01,,,
1,fake_both,id01235,fo_M2nleO40,352,0.0,0.63,23.55,30.76,,,
1,fake_audio_only,id01857,kEf1FxtLOwg,248,0.05,0.04,73.1,48.85,,,
1,fake_both,id02271,SCR1MqhwuU8,147,0.0,0.06,20.26,61.47,,,
1,fake_video_only,id06347,OH3GzhPJRDg,218,0.0,0.0,0.66,54.74,,,
1,fake_video_only,id02053,kkzzyZLoc6o,405,0.0,0.02,2.75,30.47,,,
1,fake_video_only,id00021,zUAQ0hwQOlg,37,0.25,0.01,98.0,30.15,,,
1,fake_audio_only,id02318,le4wF2pRYzc,304,0.08,99.98,20.8,31.03,,,
0,real,id08968,62_-BMlYyOg,83,0.0,0.0,33.25,26.54,,,
1,fake_both,id00258,EbQT74WTSY8,55,0.01,0.27,15.65,34.62,,,
1,fake_video_only,id01960,_menCGwBgRo,289,0.0,0.0,5.35,28.25,,,
1,fake_both,id03532,k-esgVDqrLU,329,0.14,0.0,13.73,28.81,,,
0,real,id03199,uMCiq24PBao,394,0.0,0.0,4.76,32.42,,,
0,real,id08240,svCYbkS0Sjk,414,0.0,0.0,95.61,45.53,,,
1,fake_both,id00568,xL4858y8iIo,480,0.0,0.3,42.75,92.77,,,
1,fake_audio_only,id06949,_LfKHl2sk9c,256,0.06,83.89,97.8,33.13,,,
1,fake_video_only,id07726,1GQixMjrI6Y,3,0.0,0.04,81.84,28.93,,,
1,fake_both,id02548,Hmlw5PIf64o,100,0.09,0.0,47.07,38.21,,,
1,fake_video_only,id07974,0c7XMghsF50,9,0.0,0.0,6.44,50.59,,,
1,fake_audio_only,id06096,o9Ewu_70bRc,149,0.0,98.81,13.05,32.01,,,
1,fake_audio_only,id03430,_cJqKeDfsI8,289,0.0,1.58,30.32,28.3,,,
1,fake_audio_only,id03039,aVvq6Tk972s,44,0.53,0.35,62.5,34.45,,,
1,fake_both,id03705,WrM22180bOQ,252,0.0,36.83,96.53,25.59,,,
0,real,id05832,A4aZjQQpeBQ,89,0.0,0.0,37.62,69.92,,,
1,fake_both,id03300,9wirtL45aWc,20,0.0,98.58,43.04,35.52,,,
1,fake_audio_only,id01193,7DvSAVuDsgI,69,0.0,62.85,7.79,25.81,,,
1,fake_both,id07357,5H77JCfYcxc,51,0.0,1.76,14.97,31.98,,,
1,fake_both,id08278,lb6NZHL7AbQ,445,0.0,0.0,2.6,28.52,,,
1,fake_both,id00832,xXCFdGo9yfc,140,2.95,0.0,19.4,31.18,,,
0,real,id01040,yWv210QWOFE,407,0.37,0.0,99.22,25.54,,,
1,fake_video_only,id07719,Ke0hwvkeH94,77,26.88,0.26,68.95,32.67,,,
0,real,id04094,rqaQ-0QVXnE,422,0.0,0.0,44.36,33.3,,,
1,fake_both,id03720,ah1J-MWcDs4,133,0.0,96.17,99.22,32.28,,,
1,fake_audio_only,id04991,vRu3ovXKJhI,122,0.0,0.11,24.15,28.03,,,
1,fake_video_only,id05591,ZLli5cjFxLI,242,0.0,0.0,18.91,34.52,,,
1,fake_both,id01340,amYlJwaNyMk,81,0.03,4.27,76.61,31.52,,,
1,fake_video_only,id01764,ESa_dFxhukE,81,0.01,0.0,57.13,37.38,,,
1,fake_audio_only,id04822,1YFMVB4w5SU,7,0.07,0.15,99.76,30.08,,,
1,fake_video_only,id00299,urirDG8p7zw,124,0.1,0.0,28.42,28.76,,,
0,real,id06412,G0l1080wGiM,37,0.0,0.0,89.45,34.18,,,
1,fake_audio_only,id06333,IgLdOTwl_j4,27,0.0,1.5,45.87,69.04,,,
1,fake_audio_only,id04907,KeYyjvB0gqw,185,0.25,0.31,60.16,37.52,,,
1,fake_video_only,id00890,iTB9hsrKlwA,160,0.0,0.03,13.76,61.08,,,
1,fake_both,id01864,O9UfRNM_eN0,69,2.43,0.0,2.52,30.03,,,
1,fake_both,id03304,jsbdvTwDL_Y,293,0.0,0.16,92.53,34.99,,,
1,fake_audio_only,id00813,JymWDC4FC0g,96,0.0,48.64,6.52,25.34,,,
1,fake_both,id03821,KZPfSS8wVwg,181,0.0,0.0,87.89,35.96,,,
1,fake_video_only,id01694,SUe252rAMEM,172,0.74,0.01,6.02,46.26,,,
1,fake_both,id02838,sWBEOLb9ZP4,91,0.0,0.01,99.85,24.05,,,
1,fake_audio_only,id04086,LO_xU_IIiR4,139,0.0,0.0,83.3,52.88,,,
0,real,id05054,mbbvWPZLKqE,306,0.0,0.0,95.51,42.55,,,
0,real,id09171,MWsO3D8uCMo,171,0.0,0.0,5.8,40.67,,,
0,real,id00289,mAqpePECcCw,167,0.08,0.01,99.07,35.67,,,
0,real,id01885,aJ2tg1ee94w,56,0.04,0.0,3.11,32.1,,,
0,real,id04886,3TF4KPV3jKE,10,0.79,0.0,99.8,46.48,,,
0,real,id04705,jP_SZVPk0dw,338,0.0,0.0,4.35,45.58,,,
0,real,id02102,e2BOJ-94IMg,320,0.0,0.0,99.07,30.79,,,
1,fake_audio_only,id07574,tQm5jzfOgpw,200,0.02,0.02,2.51,39.94,,,
1,fake_video_only,id05049,KbDmftZ5wOs,98,0.1,0.01,99.9,30.03,,,
1,fake_both,id04163,hTPp_MFk9og,321,0.0,99.97,24.96,34.96,,,
1,fake_both,id09156,jF-p7Ju1_Kc,118,0.37,0.01,7.92,35.62,,,
1,fake_both,id01248,C3POKrEdrl0,17,0.01,99.81,61.77,33.96,,,
0,real,id00388,NxrLad46IWE,45,0.0,0.0,10.99,36.57,,,
1,fake_both,id06028,m-VwjBsFzhk,71,0.0,3.04,2.27,30.4,,,
1,fake_video_only,id06416,3QP5mA_0Sbw,28,0.0,0.0,10.91,31.84,,,
1,fake_audio_only,id01141,w4T0yMD8zR0,41,0.55,0.01,6.6,30.98,,,
0,real,id03729,KdGnXhceG7g,65,0.04,0.0,19.68,33.81,,,
1,fake_both,id05260,f385a9kJlV8,285,0.0,96.65,40.23,94.29,,,
1,fake_video_only,id00422,W9hq0TcMhaY,53,0.0,0.02,2.11,29.69,,,
1,fake_both,id01209,oK675avhf9Y,461,0.06,0.51,75.2,32.18,,,
1,fake_video_only,id01101,iHPwHeTLLV0,280,0.02,0.01,97.31,29.79,,,
1,fake_video_only,id08714,BTjTLz2gQKQ,142,0.0,0.0,92.19,32.18,,,
1,fake_audio_only,id04644,RvYDW1MDN8o,182,0.0,70.13,9.17,51.71,,,
0,real,id06111,xPylDi1tS5Y,162,0.07,0.0,98.29,29.57,,,
1,fake_both,id04278,aXgZfEhOWLo,45,4.62,2.26,97.51,68.7,,,
1,fake_audio_only,id04618,93l7L5ZdQ6A,71,0.0,0.01,0.97,34.86,,,
1,fake_both,id06005,CQcIVTDxkPM,157,0.0,80.24,99.76,30.86,,,
1,fake_audio_only,id04538,McK8bPR8pzU,178,0.0,0.0,1.46,40.11,,,
1,fake_audio_only,id06117,KDTIMwOzjHg,100,0.02,92.6,88.43,32.74,,,
1,fake_both,id02343,r9jK4-X7SFc,359,5.45,0.18,10.36,44.17,,,
1,fake_audio_only,id05201,08gQ3UPaP2I,3,0.0,99.85,37.99,28.1,,,
1,fake_video_only,id07642,MhYnx5IISR4,65,0.01,0.15,58.54,28.69,,,
1,fake_audio_only,id01170,ayBGPlcDfLA,63,0.0,1.03,76.66,32.62,,,
1,fake_video_only,id01163,Wbpx8klFonI,242,0.0,0.01,2.75,38.96,,,
1,fake_video_only,id06881,t5ISfdtDR7Y,203,0.0,0.01,90.53,29.1,,,
1,fake_video_only,id00788,di49XHfVUzw,372,0.0,0.0,66.55,36.96,,,
1,fake_video_only,id00418,yrmaQYFj8m4,176,0.01,0.0,97.75,26.46,,,
0,real,id02105,mh2C1OLvrxk,296,0.0,0.0,45.34,31.59,,,
1,fake_both,id05765,r42W72Lsp0w,161,0.0,0.09,12.32,32.76,,,
1,fake_video_only,id06414,D-c8OQHbHb0,88,0.0,0.02,26.27,31.35,,,
1,fake_video_only,id01168,kJtYt9WpIrM,43,0.0,0.0,98.88,33.74,,,
1,fake_video_only,id02318,aDKYLDRUTpY,197,0.03,0.02,30.42,31.13,,,
1,fake_video_only,id01686,vffmo7YWASA,91,0.0,0.81,12.59,29.1,,,
1,fake_both,id05199,G9cuOoCKD1U,10,0.04,1.0,16.39,60.89,,,
1,fake_audio_only,id04730,xkJXhatfq2A,178,0.0,0.0,92.14,30.74,,,
1,fake_video_only,id00291,IzTsqNL_JFs,14,0.0,0.0,3.08,28.76,,,
1,fake_audio_only,id02087,7501z3jTbmc,10,38.45,0.04,16.76,37.26,,,
1,fake_video_only,id08696,_ir7v67UliA,337,2.15,2.19,1.22,45.46,,,
1,fake_audio_only,id01201,flEWQ-ZiL54,128,0.0,99.29,99.66,33.23,,,
1,fake_both,id05727,KeO5uRYv-Kk,41,0.01,0.0,2.53,31.52,,,
0,real,id04684,O8WXIMQfulM,200,0.0,0.0,9.12,34.55,,,
1,fake_video_only,id00817,ERsr0JoyqWM,102,0.0,0.0,8.45,32.52,,,
1,fake_video_only,id01223,WCsnrVA6X2g,341,0.01,0.0,4.65,32.01,,,
1,fake_both,id02102,AOozE2vY5Pg,122,0.0,0.0,78.17,27.56,,,
1,fake_audio_only,id02448,IknF6Vd2gB0,5,0.0,26.35,82.03,34.52,,,
1,fake_both,id00568,sml4hVATxGk,451,0.04,1.06,25.27,84.62,,,
1,fake_both,id08278,2DOETlMZnD4,166,0.0,99.92,12.38,39.33,,,
1,fake_audio_only,id08029,Y_JtbacYYLo,106,0.0,100.0,1.69,31.88,,,
0,real,id02119,YHr04IAVWr8,83,38.26,0.0,6.65,35.38,,,
0,real,id04696,kZIcDDGbEY0,122,0.01,0.0,62.6,31.86,,,
1,fake_video_only,id01892,7sODin7rirc,76,0.0,0.07,1.49,33.98,,,
1,fake_video_only,id05209,SeXtAZBrbAI,239,2.88,0.0,97.07,30.27,,,
0,real,id03430,X1g1UlmjxNA,255,0.0,0.09,7.31,78.66,,,
1,fake_audio_only,id00585,A8F6lJN0fGQ,60,0.01,0.0,99.76,31.23,,,
0,real,id04903,P9WxTz1rKys,277,0.02,0.0,98.14,33.67,,,
0,real,id03347,OI_w-zLiG6w,133,1.35,0.0,98.49,36.72,,,
1,fake_audio_only,id08993,2l7DYrXH-UE,206,0.24,0.02,94.82,47.17,,,
1,fake_audio_only,id04258,VW-8fFHzJJo,171,0.0,33.32,1.49,40.41,,,
1,fake_audio_only,id05099,DS0FaWR2esw,5,0.0,0.05,34.96,32.81,,,
1,fake_both,id00406,I4axfjDJBKQ,51,0.0,5.15,17.24,31.74,,,
1,fake_audio_only,id01648,3TOgnBnEonY,68,0.0,98.04,80.32,48.32,,,
0,real,id04228,VruHDhmVX6g,152,0.0,0.0,99.8,42.24,,,
1,fake_both,id00708,g3oxckyicBY,243,0.02,71.52,42.46,28.32,,,
1,fake_video_only,id06435,zby-cUZkoEs,135,0.0,0.0,12.56,29.91,,,
1,fake_both,id03312,GxVwUtipwrg,206,0.0,0.06,99.02,29.32,,,
0,real,id02270,FUZoKwxZpfE,178,0.02,0.0,80.81,31.18,,,
0,real,id02043,_Ccj3vmww5E,114,0.42,0.0,93.02,46.44,,,
1,fake_both,id03671,UqdpguJVlw0,119,0.0,0.02,23.25,28.47,,,
1,fake_both,id05816,leI6zATqzKI,383,0.0,6.45,99.46,31.13,,,
1,fake_audio_only,id04517,A2cHCvYzY28,43,0.01,0.02,97.75,31.52,,,
1,fake_video_only,id01217,UpV0gSgJiiY,86,0.0,0.0,99.51,34.55,,,
1,fake_audio_only,id02575,5Bjyy7nIx1M,4,0.0,0.0,99.27,30.1,,,
0,real,id04823,35dQfYXfV1Q,5,0.0,0.0,1.92,41.58,,,
1,fake_both,id02081,A8TQ4tQNb-E,43,5.93,0.0,4.09,31.47,,,
1,fake_audio_only,id07726,QqpQvIT---c,154,0.0,0.0,98.88,30.22,,,
1,fake_video_only,id08627,g6txuo5TpvE,60,0.06,0.01,94.87,35.62,,,
1,fake_audio_only,id03750,NdfdGn3pW8M,157,0.0,0.02,96.48,44.31,,,
1,fake_both,id00775,GslUmJ6uSTQ,5,0.0,0.01,99.02,29.86,,,
0,real,id01690,pK2weomgl4k,392,0.0,0.0,91.46,45.73,,,
1,fake_both,id02102,qAHM2E_HcnM,357,0.0,100.0,94.87,39.6,,,
0,real,id08973,Rn59Uf-nT1s,121,0.02,0.0,97.56,28.54,,,
1,fake_audio_only,id00371,3TYy2-50pd4,9,0.02,50.71,2.19,30.74,,,
1,fake_video_only,id06289,wys-kOkj7GM,491,0.01,0.16,99.27,31.71,,,
1,fake_both,id04644,9Zq2JYQrcb0,75,0.08,100.0,7.98,31.88,,,
1,fake_audio_only,id07835,zg-OV8z2RYU,30,0.01,99.46,97.51,29.81,,,
1,fake_video_only,id03298,PFndaPgPZdc,249,0.02,0.0,94.68,26.73,,,
1,fake_both,id04523,Vo9TMsqq3uc,164,9.98,0.0,83.74,26.9,,,
1,fake_video_only,id00888,rCM1-GilHgk,395,0.0,0.02,99.71,59.57,,,
1,fake_audio_only,id01010,zSkX2aKuWVk,500,0.0,0.02,16.27,74.12,,,
0,real,id05913,TRbHyURnPGw,304,0.02,0.0,85.99,35.62,,,
0,real,id01100,D2VYFFRrh-I,120,0.17,0.0,99.66,44.48,,,
0,real,id06222,xgsmd7hrwKI,384,0.0,0.0,94.82,43.58,,,
1,fake_both,id04216,jrpT61FdyVE,311,0.15,0.02,99.71,26.44,,,
0,real,id01792,Nndt0jMoGds,74,0.01,0.0,99.71,28.64,,,
1,fake_video_only,id01648,mftrZoSNcAw,365,0.0,0.0,77.49,25.07,,,
0,real,id08581,Ex7FQ6ecyZc,45,0.0,0.02,1.96,59.33,,,
0,real,id06717,ewek-6TudOM,278,0.0,0.0,99.61,35.21,,,
1,fake_audio_only,id05915,_ON_Cyz7GRU,140,0.02,100.0,3.85,30.2,,,
1,fake_both,id00612,yl230qlScpA,181,0.0,0.02,1.59,35.82,,,
1,fake_video_only,id06118,IG5bb64gIxo,6,0.0,0.39,88.04,30.0,,,
0,real,id01329,KKoWfepLTbQ,51,0.0,0.0,8.73,36.16,,,
1,fake_video_only,id00059,NG42NB3_ltI,58,0.01,0.05,13.62,28.69,,,
0,real,id07849,h8MTNCSTEDg,173,0.3,0.0,38.21,25.0,,,
0,real,id07974,jxzqjZjRwco,375,0.0,0.01,93.41,92.68,,,
1,fake_video_only,id01141,y39GkaYTu_c,46,1.06,0.0,5.08,31.88,,,
0,real,id01057,daKq-LQobok,311,0.23,0.0,9.55,29.93,,,
1,fake_both,id03871,2O6qe4z9wWU,34,0.0,73.78,2.06,51.76,,,
1,fake_both,id07001,fa3fpsGEeeY,56,0.08,86.0,27.69,34.79,,,
1,fake_both,id00173,r550S9AeXJQ,182,0.09,4.19,4.15,42.87,,,
1,fake_video_only,id00823,vQQyVZVPN-k,405,0.0,0.03,2.1,30.44,,,
1,fake_video_only,id07418,RYbyrFdAlGU,204,0.01,0.29,14.03,34.64,,,
1,fake_audio_only,id08693,JOyUiPHVQnM,30,0.0,0.07,7.02,32.64,,,
1,fake_both,id01689,kN-Qq17ZxX4,320,1.31,0.01,3.08,40.41,,,
1,fake_both,id04027,ycxJSsbxlC8,435,0.0,99.27,34.11,30.64,,,
0,real,id06295,vWJA0sz9RHk,207,0.0,0.04,89.26,58.98,,,
1,fake_audio_only,id08240,oOHZVFqhg9A,312,0.0,98.14,97.8,31.76,,,
1,fake_video_only,id07541,rT-FSP5wRAY,29,0.0,0.01,10.32,44.07,,,
0,real,id00945,HEs7TDBUt70,60,0.0,0.0,1.94,32.1,,,
1,fake_video_only,id09190,iHepcnq2tNM,147,0.0,0.08,56.84,31.18,,,
1,fake_video_only,id08573,wloLKN78tcM,475,0.0,0.0,2.14,31.01,,,
1,fake_both,id04601,8saEFI8tKr8,42,0.0,99.98,16.65,28.76,,,
1,fake_both,id07043,5fFafECpux8,76,0.0,0.0,4.3,32.15,,,
1,fake_video_only,id05986,pMK5-aS_9IQ,333,0.04,1.36,9.19,36.28,,,
1,fake_audio_only,id03974,x_r33hZeUBI,118,0.0,0.03,28.15,32.79,,,
1,fake_video_only,id03756,pEBZovtR66s,80,9.32,0.1,4.95,44.9,,,
1,fake_video_only,id01209,3uMTe1AiacA,16,39.38,0.01,99.8,29.27,,,
0,real,id02068,DS7CgGh6Occ,48,0.01,0.01,1.36,30.66,,,
1,fake_both,id07845,ixpgGCNgL9s,71,3.05,98.65,17.44,36.94,,,
1,fake_video_only,id01081,p_OkgJUZf7U,47,0.48,0.0,85.74,25.93,,,
1,fake_audio_only,id01748,yvr2KBT73uQ,96,0.06,73.07,78.47,28.91,,,
0,real,id00064,4DIJmbydVEA,17,0.0,0.0,21.42,24.45,,,
0,real,id05401,XzDPPNCsjk8,263,0.77,0.0,0.85,28.78,,,
1,fake_audio_only,id08804,XjkzzUPEnoQ,262,0.0,99.9,0.88,27.29,,,
0,real,id07392,5NEy2DyHXAI,4,0.0,0.0,99.85,37.4,,,
1,fake_both,id01404,sS5ctRoi_Xk,196,0.79,0.33,92.63,35.11,,,
1,fake_audio_only,id06930,V4h0LNd0pTw,18,0.19,99.51,5.07,38.28,,,
1,fake_both,id07359,7IfMVJ2QkFo,12,0.69,99.96,5.39,36.06,,,
0,real,id03668,nDuUb_poAkA,159,0.0,0.0,85.25,41.92,,,
1,fake_video_only,id01681,FUYXiAN2E9w,128,0.01,4.66,97.8,34.86,,,
0,real,id04108,8A2Fl19u5UI,36,0.01,0.0,89.16,29.93,,,
1,fake_audio_only,id06874,sT2XiUEgTKE,423,0.0,99.97,11.61,56.69,,,
1,fake_video_only,id08467,dmQt9pzcOh8,155,0.03,0.0,60.06,30.64,,,
1,fake_video_only,id01225,Uo_j7nKpLVE,272,0.0,0.14,5.77,35.38,,,
0,real,id08236,9sVPt15d-Bs,91,0.0,0.0,27.08,32.28,,,
1,fake_both,id03430,0GU3IIVWvZk,11,0.12,0.01,49.12,28.22,,,
1,fake_both,id07571,F8jglCW_ZTs,11,0.01,51.68,92.24,27.81,,,
1,fake_both,id00168,ofkdxwOMDkE,432,0.03,0.0,99.76,32.74,,,
1,fake_audio_only,id08917,kdusRydaCns,370,0.0,0.0,10.32,38.48,,,
1,fake_video_only,id01686,O-hBC8W2xQs,35,0.0,0.0,35.62,32.69,,,
1,fake_video_only,id03312,qOrbaMbuMII,433,0.0,0.15,90.87,35.38,,,
1,fake_video_only,id00492,UucY6LmTkrI,165,0.0,0.0,99.56,31.52,,,
1,fake_both,id08603,T2cwTovVTcM,253,0.19,11.46,95.36,71.14,,,
1,fake_video_only,id06389,EkDBAVGKdj8,40,0.01,0.0,10.43,43.99,,,
0,real,id08138,Nt6VOCdBq5g,82,0.0,0.0,99.51,31.62,,,
0,real,id05189,B65ZIf7q7JU,47,0.01,0.0,90.28,43.85,,,
1,fake_audio_only,id02361,QWJEguZnL9w,245,0.0,0.0,99.46,33.54,,,
1,fake_video_only,id09092,JtetanXbb-I,75,0.09,0.06,89.89,31.69,,,
1,fake_video_only,id06196,SUsCUlMeZII,286,0.0,0.02,16.72,80.03,,,
1,fake_video_only,id00708,D3pcNmuK0mU,39,0.27,0.02,3.56,30.42,,,
1,fake_both,id07400,YRcyrooRCho,239,0.18,0.39,98.39,37.01,,,
1,fake_both,id02700,FMcMTn_f80E,25,0.0,0.81,11.32,30.83,,,
1,fake_video_only,id08573,w0XDf1Iwx1w,462,0.0,0.0,0.49,31.47,,,
1,fake_audio_only,id01057,Xw_vfSQMmNU,198,0.0,0.94,0.39,77.29,,,
1,fake_both,id06406,yIlqRA2GcA0,97,0.01,56.49,2.36,32.96,,,
1,fake_audio_only,id00019,yXGSg98vB0k,179,0.0,0.05,45.51,31.62,,,
1,fake_audio_only,id06405,7rrstPmLe7g,22,0.0,0.01,19.52,34.23,,,
1,fake_audio_only,id07164,Q_TtMZtCFdA,205,0.0,0.08,97.46,27.71,,,
1,fake_audio_only,id01788,_MNQZMivg60,59,2.74,0.0,98.29,28.25,,,
1,fake_audio_only,id02271,syO11wutFh4,196,0.0,0.01,37.45,35.99,,,
1,fake_video_only,id04221,Npw7L0DGnOU,123,14.71,0.01,94.14,55.32,,,
1,fake_video_only,id04517,Vko-Z0OH8Ro,193,0.01,0.0,65.14,32.03,,,
0,real,id01193,LUJ3-_z1qcA,201,7.76,0.0,7.89,34.86,,,
1,fake_video_only,id03312,EwvWbY_0NzU,138,0.24,0.01,99.66,33.18,,,
1,fake_audio_only,id04081,CdJBr70V0FE,114,0.02,34.01,77.49,30.05,,,
0,real,id01160,AoNATRL-GtA,143,0.0,0.02,30.1,24.69,,,
0,real,id00903,_MX3OPgrH0o,217,1.07,0.0,5.44,52.25,,,
0,real,id01003,9nmM17wsxGU,24,0.0,0.0,94.29,33.74,,,
1,fake_video_only,id02361,QWJEguZnL9w,253,0.02,0.0,93.12,32.2,,,
1,fake_audio_only,id04823,mYlh2koJrHA,299,0.0,0.0,1.33,43.97,,,
1,fake_both,id00062,78Be0gJmOlU,58,0.0,99.99,8.04,32.54,,,
1,fake_audio_only,id08981,yRtACMIG82Y,380,0.16,0.02,91.94,35.69,,,
1,fake_video_only,id06196,9qFyjiQTTR4,143,0.01,0.17,11.84,81.25,,,
1,fake_video_only,id01618,l5PhZHkIDGE,135,0.06,0.0,3.5,31.86,,,
1,fake_audio_only,id07983,sSlqHhPNscQ,116,0.0,99.95,2.93,29.98,,,
0,real,id01590,tYISB_GPqIw,73,10.93,0.0,14.66,28.78,,,
1,fake_audio_only,id05189,vam2GBpymDw,386,0.03,0.07,99.32,45.09,,,
1,fake_video_only,id00469,LCXFtWUyXuM,93,0.0,0.03,2.51,37.87,,,
1,fake_audio_only,id05847,FLbSpn7fk7c,28,0.0,0.12,50.93,32.81,,,
1,fake_audio_only,id08335,WmOwsE-nUVg,247,0.0,90.67,53.03,61.04,,,
0,real,id05316,YiRY2ekV6g8,9,0.0,0.0,42.92,31.42,,,
1,fake_video_only,id06389,EkDBAVGKdj8,42,0.04,0.01,11.82,37.45,,,
1,fake_audio_only,id04933,GE2WiqUTWZQ,70,0.43,0.04,93.51,30.4,,,
1,fake_audio_only,id04895,UwMx7q1IoGM,84,0.0,0.09,11.28,32.28,,,
1,fake_both,id00903,feuWHwBANrk,351,0.0,0.03,52.0,39.06,,,
1,fake_audio_only,id08317,U22rSMX_cm0,146,0.0,0.05,11.26,49.41,,,
1,fake_video_only,id07416,n1c14LlS5fc,36,0.0,0.01,9.55,36.3,,,
1,fake_video_only,id05257,WHgyNuj6ed0,339,0.09,0.01,2.84,31.23,,,
0,real,id08804,qKnBIiIUv9A,463,0.0,0.0,16.26,33.03,,,
0,real,id06212,JsFgoB3fBbU,271,0.43,0.0,22.49,36.94,,,
1,fake_video_only,id04094,JH1Z5xo7fe8,109,0.0,0.0,99.85,39.31,,,
1,fake_video_only,id03460,AzRzuu6m3Xk,67,0.01,0.01,74.17,44.95,,,
1,fake_audio_only,id02361,ttYa5GCHL9Q,365,0.0,0.03,75.78,42.94,,,
1,fake_both,id01656,Z_ZMSJQ_sXY,87,0.0,6.5,2.28,39.45,,,
0,real,id06999,nW14t6dHa-Q,35,0.0,0.0,68.26,30.93,,,
1,fake_both,id01004,TzLP2TXVLYs,46,0.0,0.0,1.86,37.01,,,
0,real,id01931,Ze6JeE6SQK0,312,0.01,0.0,25.81,31.84,,,
1,fake_video_only,id06432,xBPUdlC-cws,428,2.99,0.0,50.68,37.16,,,
1,fake_both,id01235,RDu6qPRgdyY,193,0.0,99.97,5.63,33.13,,,
0,real,id07997,LJMxVyxdYKA,47,0.13,0.0,4.74,30.64,,,
1,fake_video_only,id03871,uaN6iqWQmjQ,435,0.0,0.0,40.8,31.76,,,
0,real,id02760,uNynErujmzQ,448,0.0,0.0,86.23,35.74,,,
1,fake_video_only,id07343,RNFbjRNoeCM,63,0.08,0.0,99.61,29.71,,,
1,fake_video_only,id00708,s_qY2Q1gjaw,372,0.01,0.45,43.04,90.77,,,
1,fake_video_only,id07164,fdFWvP4Tr_c,309,0.0,0.24,79.74,27.83,,,
0,real,id04230,ig0WcY9M2LY,136,0.0,0.0,94.53,53.37,,,
1,fake_video_only,id04902,vKrqIvJNJEk,191,0.0,0.01,2.1,33.15,,,
1,fake_audio_only,id02008,GC-0Cjf7Ns0,72,0.0,1.57,35.18,94.34,,,
0,real,id02812,kzsAIHKl_j8,105,0.0,0.0,3.42,28.17,,,
1,fake_video_only,id00741,oLr48Op3Lyo,400,0.03,0.06,97.9,36.18,,,
0,real,id00395,D-hTxDMIXpI,71,0.0,0.0,51.17,35.4,,,
0,real,id00944,AsD9eSzxKP4,33,0.0,0.0,99.71,30.1,,,
1,fake_both,id03429,QsrlRuixlBA,231,0.02,95.38,76.51,29.49,,,
0,real,id06418,ciokkMff-pY,84,0.0,0.0,2.24,31.18,,,
1,fake_video_only,id08694,g2qxyAKdg-A,366,0.08,0.03,99.9,36.52,,,
1,fake_both,id06951,NUt5HB_iKIs,92,11.32,0.02,69.53,25.32,,,
0,real,id03684,Ghvxpqp6OUw,41,0.0,0.0,72.9,44.09,,,
1,fake_audio_only,id05989,iBmgdI_mO04,360,0.0,0.01,1.99,33.06,,,
0,real,id08335,SZZQVDlVV-8,140,0.0,0.0,84.23,35.25,,,
0,real,id01387,bdw7ZIuxazU,286,0.0,0.0,98.54,29.15,,,
0,real,id01856,CAEDLvoXA04,15,0.0,0.0,14.11,28.3,,,
1,fake_audio_only,id08705,voS7QeECIMM,123,0.09,99.58,2.71,34.77,,,
1,fake_video_only,id00888,aA8BeXjYr5U,265,29.66,0.0,71.39,34.77,,,
0,real,id08261,y-7gWsoXtUw,459,0.03,2.83,8.71,24.89,,,
1,fake_both,id03214,mNTPOiMt40U,140,0.0,14.59,97.12,34.18,,,
1,fake_both,id03027,HH5lt6v4KRs,42,0.12,0.24,88.82,28.56,,,
0,real,id01040,nRs2jedT0gQ,196,0.01,0.0,98.1,29.93,,,
0,real,id00353,81O0Erdo6jk,57,0.0,0.0,13.57,28.54,,,
1,fake_both,id01501,8xk7A_aNalA,95,0.2,0.0,99.9,28.76,,,
0,real,id04694,2pM9XmSmPhc,6,0.0,0.0,12.32,34.72,,,
0,real,id05850,B8kp8ed48JE,4,0.0,0.35,5.77,31.79,,,
1,fake_both,id00775,QXBAR-brGnY,49,0.0,0.0,92.82,28.61,,,
1,fake_audio_only,id03821,KZPfSS8wVwg,213,0.0,100.0,98.68,35.33,,,
0,real,id07276,TbOOQqgsvwM,148,0.01,0.0,77.88,32.89,,,
1,fake_both,id00741,vP9b-dKoke4,418,0.1,0.21,98.49,28.98,,,
1,fake_both,id01750,6TGbayfDnw4,60,0.0,0.0,18.58,26.81,,,
0,real,id02389,PwCRSlMg6LU,161,0.0,0.0,98.58,36.06,,,
0,real,id03821,eeVtbMO4bp4,342,4.36,0.0,4.28,41.38,,,
1,fake_audio_only,id00062,bctnrIvZHTs,278,0.0,88.08,85.89,31.91,,,
0,real,id04731,jrC-4-PYxSg,185,0.0,0.0,97.56,29.81,,,
1,fake_audio_only,id02105,6cTmdd8luQA,43,0.0,0.0,96.88,27.61,,,
0,real,id05873,Qx9HvRZHzdk,32,0.12,0.12,4.76,35.69,,,
1,fake_video_only,id00788,YlQdXbAuZCw,307,0.41,0.0,54.35,33.28,,,
1,fake_video_only,id01690,XDal35sEcD8,217,0.0,0.01,99.71,27.17,,,
1,fake_both,id04738,Lo12lN3ECFM,220,0.0,78.76,1.88,53.52,,,
1,fake_both,id03687,h1QlcD8Waig,76,0.0,0.23,3.69,28.88,,,
0,real,id05124,UW7a8v087zY,296,0.0,0.0,3.08,28.32,,,
1,fake_video_only,id05946,du_AKlgRguU,61,0.01,0.0,92.48,31.62,,,
1,fake_audio_only,id05667,k-qSg00sn0Y,91,0.0,0.01,7.02,35.57,,,
1,fake_audio_only,id04097,D7e0LDznV6g,121,8.15,100.0,3.01,32.84,,,
1,fake_audio_only,id08022,dirtIdkP5l8,293,0.0,3.61,69.53,35.96,,,
1,fake_audio_only,id04757,P5mRpuQ7Tec,139,0.02,0.07,94.09,34.08,,,
1,fake_both,id07740,8YbhhEo7rQY,43,10.39,99.39,3.96,39.77,,,
1,fake_video_only,id03983,sCfkbVC5Ito,466,0.0,0.0,6.18,49.56,,,
0,real,id06020,H_PkscByyAY,47,0.36,0.0,20.53,30.18,,,
1,fake_audio_only,id04173,f4m8LINFvmc,51,0.0,0.0,8.11,29.35,,,
1,fake_audio_only,id09190,eZ_I-FoAZ7M,113,0.0,34.01,89.94,27.47,,,
1,fake_both,id01193,JkDWp0o41m0,159,0.0,42.47,1.77,39.65,,,
1,fake_both,id04694,_Oz5h2Wf6ws,90,0.07,0.69,79.93,44.24,,,
1,fake_video_only,id02721,rwNm8RKL47Y,423,0.0,0.0,95.41,35.08,,,
1,fake_both,id08278,lb6NZHL7AbQ,470,0.0,0.0,2.14,33.91,,,
1,fake_audio_only,id02948,HZFO2SX3yeE,150,0.03,15.78,3.38,29.59,,,
1,fake_audio_only,id08875,ZZ8bJN4wH1o,63,0.0,4.78,10.52,29.39,,,
1,fake_both,id07415,YPaPSWND_bc,176,0.0,0.05,96.09,29.69,,,
1,fake_audio_only,id00835,coCbK_CoMRo,121,0.0,0.0,98.44,29.83,,,
1,fake_video_only,id00835,bQya_yXYMPg,111,0.0,0.04,65.14,44.7,,,
0,real,id05057,XR5oauihGpg,309,0.0,0.0,6.44,33.59,,,
1,fake_audio_only,id00788,2BxKR-5W_Io,32,0.0,0.0,99.95,30.76,,,
1,fake_video_only,id06432,MWvil1LptPQ,122,0.77,0.03,8.23,30.1,,,
1,fake_audio_only,id01160,mcIPwjea22s,418,0.0,38.27,99.46,26.05,,,
1,fake_video_only,id01743,XoRD5jKc8qM,114,17.15,0.0,10.47,38.87,,,
1,fake_video_only,id02739,nhLPD1tpbwU,438,1.92,0.02,3.44,30.59,,,
0,real,id09156,iQUsOkpUi1s,114,0.0,0.0,30.35,43.48,,,
0,real,id01960,OxaJUiDsMu8,192,0.01,0.0,99.9,36.65,,,
1,fake_audio_only,id01160,mcIPwjea22s,420,0.0,0.27,90.67,26.98,,,
1,fake_video_only,id05691,EOHp9lbThVk,192,0.0,0.2,44.41,26.22,,,
1,fake_video_only,id07825,4Qz693MoBdo,6,0.55,0.04,74.95,46.63,,,
1,fake_video_only,id08702,g_VOR_5UoqU,304,3.78,0.02,3.83,71.24,,,
1,fake_video_only,id06552,KqjIae4B59c,131,0.9,0.04,98.24,33.35,,,
1,fake_video_only,id08904,2MoCniKpYUs,37,0.0,0.0,13.51,29.39,,,
1,fake_video_only,id07558,eYVLy4QzDww,47,0.0,0.0,2.29,29.83,,,
0,real,id01387,7hUQ8x2PL34,110,0.0,0.0,98.93,77.83,,,
0,real,id04015,zjprFiyFCUg,499,0.0,0.0,9.84,30.62,,,
1,fake_video_only,id05723,ga5ns4IMWG8,303,0.0,0.0,98.19,33.47,,,
1,fake_both,id07803,4xoh7OLLylA,11,0.01,0.07,18.59,29.44,,,
1,fake_audio_only,id04763,Llf2-RqMuzg,24,0.01,0.76,4.13,31.67,,,
0,real,id07497,vKTqh_v4XAA,477,0.0,0.0,99.95,38.53,,,
1,fake_audio_only,id07988,tMycZOp_yyA,131,0.0,0.14,1.25,35.5,,,
1,fake_both,id09190,6myuG2_d68s,5,0.35,0.57,8.15,35.69,,,
1,fake_audio_only,id07462,yPw17yPLSHo,215,0.05,0.0,1.55,31.54,,,
1,fake_audio_only,id03430,zo9-bN45Rxk,477,0.01,0.01,39.62,50.59,,,
1,fake_audio_only,id01193,_kC6tI_ACxY,240,0.0,0.42,1.16,51.81,,,
1,fake_audio_only,id03860,BxpdJRXpmRM,47,0.0,0.02,95.07,31.88,,,
0,real,id07170,d1K4hN-HWBI,80,0.02,0.0,13.26,31.1,,,
1,fake_audio_only,id04938,nUS6rvKsl54,77,0.0,98.22,4.52,30.4,,,
1,fake_audio_only,id04656,m3ruBhDHedU,378,0.02,34.3,70.61,32.32,,,
1,fake_audio_only,id01908,mCZQKnE-d7k,374,0.0,0.2,98.14,38.13,,,
1,fake_both,id03983,4PHBxTX0ftQ,159,0.01,0.05,72.71,30.44,,,
1,fake_video_only,id05121,T2pFG9WoxfU,142,0.0,0.03,99.41,35.96,,,
0,real,id08660,FILvF-QsEx4,119,0.01,0.0,36.62,36.28,,,
0,real,id00888,kgHVIoey2tA,336,0.0,0.02,17.29,63.82,,,
1,fake_audio_only,id08820,A_4E8RQiy40,34,0.0,0.0,35.84,32.18,,,
1,fake_both,id06717,tFMokOT_N2c,431,0.0,0.94,76.12,33.89,,,
1,fake_audio_only,id03705,yNt3_CGeez4,499,0.02,0.0,2.47,31.74,,,
1,fake_video_only,id08335,MWQQJ0YAueg,127,0.0,0.0,54.98,58.84,,,
1,fake_video_only,id04757,owE4pdCvKdU,421,0.0,0.04,3.89,88.57,,,
0,real,id00281,GcKQ6V4DpnQ,60,0.0,0.07,88.04,35.03,,,
0,real,id00419,BXiDYyjujq4,86,0.0,0.0,10.02,39.77,,,
1,fake_audio_only,id00092,HR7suhdYTqg,9,3.33,1.15,98.63,42.8,,,
1,fake_both,id07642,UkFM-fPSfFo,170,13.43,99.99,95.41,27.17,,,
1,fake_video_only,id00188,oOQBE1BT6e0,27,0.0,0.0,86.96,28.86,,,
0,real,id05905,UVnxceTXr6Q,46,0.0,0.0,73.39,32.62,,,
0,real,id00593,RXmQD3ajSJM,71,0.18,0.0,8.44,33.67,,,
1,fake_video_only,id04097,b6JHqyyq9s0,377,0.06,0.11,96.29,39.72,,,
1,fake_audio_only,id01451,LK2FY7gyVy0,47,0.0,0.09,2.38,41.63,,,
1,fake_video_only,id06874,1wkehYqnSug,5,0.0,0.0,1.14,33.96,,,
1,fake_video_only,id04914,0TF_1i2MiHY,8,0.12,0.0,55.52,36.47,,,
0,real,id02157,Ha3ahp_q1_M,164,0.0,0.06,42.07,33.2,,,
1,fake_both,id01122,e-SnRPWu5vo,93,0.07,66.77,39.26,31.84,,,
0,real,id06121,DyuuHAwodeg,90,0.0,0.04,7.01,35.25,,,
1,fake_video_only,id02739,Q1nAqaXx-F0,227,0.02,0.0,64.5,91.16,,,
1,fake_both,id04234,YVhqRaUVM6M,91,0.0,0.41,6.15,35.74,,,
1,fake_both,id07695,ePyoJfTs_uc,41,3.96,0.02,94.63,32.37,,,
1,fake_both,id04618,VZRsGVH4MOU,221,0.0,0.01,99.66,31.54,,,
1,fake_audio_only,id04205,_KUsHCr77-M,63,0.0,0.19,2.56,36.4,,,
1,fake_audio_only,id08705,HZ-a3gPIfcg,62,0.0,0.63,0.87,45.26,,,
1,fake_audio_only,id08317,wyfkOgAurLM,438,0.0,99.98,1.25,33.98,,,
0,real,id04017,9y0IC6lwlKI,68,0.74,0.0,99.95,44.85,,,
0,real,id04739,IFdqxYRZq34,89,0.0,0.07,1.99,63.43,,,
1,fake_video_only,id08281,kRX00F621Sk,92,0.0,0.0,39.82,25.85,,,
1,fake_audio_only,id03735,kxbjy4JpN2o,64,0.0,21.91,97.85,27.91,,,
0,real,id01857,FXtikHLAJHA,109,0.11,0.0,86.91,50.68,,,
0,real,id05061,SZREZ0_hGTg,35,0.0,0.0,3.7,29.93,,,
1,fake_video_only,id01010,DAu6zVMCla8,54,0.0,0.02,99.9,33.2,,,
0,real,id01280,U_kcaCzIvp0,207,0.0,0.0,4.87,37.96,,,
1,fake_video_only,id06379,k86XsbZEv0E,20,0.1,0.0,43.6,25.9,,,
1,fake_both,id08804,zruLciIybgU,500,0.0,90.04,4.39,26.61,,,
1,fake_audio_only,id08599,8RBCIDJh95g,85,0.0,0.04,98.54,30.64,,,
1,fake_both,id03100,3xKs7wo6PXU,10,0.0,3.65,1.76,36.16,,,
0,real,id05226,gs72O6fwyT8,52,0.04,0.0,15.32,31.54,,,
1,fake_video_only,id07400,TJ--SaTzx00,179,0.04,0.15,97.66,25.9,,,
0,real,id04910,XmuBoXJeGmU,42,0.0,0.0,96.78,32.96,,,
1,fake_video_only,id04757,neK2YcmAaa4,414,0.0,0.07,79.15,30.79,,,
1,fake_video_only,id04704,b3jKlwMu2cY,114,0.0,0.04,39.5,37.35,,,
1,fake_both,id02092,y1x0JeslkuI,27,0.0,98.7,95.31,42.85,,,
1,fake_both,id02102,vxf4inA_7zs,443,3.97,0.0,66.26,39.06,,,
1,fake_audio_only,id00758,edDrv_wG_EM,128,0.0,0.01,2.63,36.82,,,
0,real,id06717,dkMTIUI3ofY,256,0.01,0.0,95.85,44.26,,,
1,fake_video_only,id01690,Y7np8BDNd7Y,235,0.02,0.02,97.9,31.1,,,
1,fake_both,id01546,cUFwsG59Ejc,10,0.24,0.28,36.5,31.18,,,
1,fake_both,id04976,NpNuM9b4Hxo,113,0.0,0.02,13.89,35.5,,,
1,fake_both,id08232,8djP-RNVfIg,12,3.2,8.06,99.85,27.27,,,
1,fake_audio_only,id08442,SykC37vix00,85,0.0,23.61,12.08,29.32,,,
1,fake_video_only,id00622,XRu14fcZqq0,155,0.0,0.01,51.46,33.25,,,
1,fake_both,id02270,EnOzmukcPN0,162,23.72,0.02,41.92,41.26,,,
1,fake_both,id03192,1f2qxGV6jvE,29,0.03,99.67,98.34,30.18,,,
1,fake_video_only,id01097,dWBj5H02CKo,137,0.0,0.0,9.5,52.64,,,
1,fake_audio_only,id04740,mZ_gMo0ncVQ,103,0.58,15.91,98.97,78.91,,,
1,fake_video_only,id04517,NKH5Fu9iN_M,156,0.13,0.0,91.21,27.37,,,
0,real,id01579,gGhsoSvnha4,167,0.03,0.0,53.76,26.56,,,
1,fake_video_only,id05691,GMZBOwKYzdk,297,0.0,0.0,99.37,28.47,,,
1,fake_both,id04842,IvzffRL_VY8,192,0.46,57.14,71.29,83.5,,,
0,real,id02001,wzAdWU7XHKM,216,0.02,0.0,78.61,28.1,,,
0,real,id03671,QRqOLY1_InI,88,0.01,0.0,3.22,37.38,,,
1,fake_both,id03839,OAPO8Y4P-tU,199,0.0,0.05,29.66,32.03,,,
0,real,id02001,qk5IDRNP_Ac,193,1.49,0.0,56.1,32.1,,,
1,fake_video_only,id03962,Wk4VfCBJrCE,30,0.0,0.01,73.68,30.57,,,
1,fake_audio_only,id07998,9IJ2GZJn4Gs,44,0.01,0.02,43.14,30.71,,,
1,fake_both,id06415,IXVFY7gJVgY,178,0.0,0.05,3.28,40.62,,,
1,fake_video_only,id04028,m6NticayWIk,67,0.0,1.67,8.88,30.52,,,
1,fake_video_only,id09018,nysp8s-Vv1s,54,0.0,0.0,99.9,31.93,,,
1,fake_audio_only,id06368,ZWjM1AE43cE,245,0.02,0.13,50.0,39.26,,,
1,fake_both,id04517,WEmhLqWdl7g,208,5.4,34.78,84.47,29.27,,,
0,real,id00517,Jd7b5Gq8Yhs,29,7.18,0.0,99.95,32.18,,,
1,fake_audio_only,id05168,ndW4El3tEho,153,0.0,0.09,97.36,61.77,,,
0,real,id00168,epxst1Uo8YA,380,0.4,0.0,55.81,30.79,,,
1,fake_audio_only,id07462,O4KapmfyC7s,78,0.0,0.2,7.78,36.52,,,
0,real,id02004,yaL6gPvSDe8,419,0.37,0.01,99.32,37.16,,,
1,fake_audio_only,id00385,guBk0WFnuEE,346,0.0,0.02,4.55,32.3,,,
1,fake_video_only,id05270,eRojEzVWjqY,127,0.0,0.0,7.93,34.52,,,
1,fake_both,id07254,GnLytBuAzjg,27,0.62,0.14,10.72,34.35,,,
1,fake_video_only,id08456,MFbZdyuSE3E,140,0.0,0.15,0.98,55.52,,,
0,real,id03352,xpxK88_yKkY,488,0.03,0.0,18.63,29.03,,,
0,real,id08266,LAN1I4z-zdE,13,0.13,0.0,20.07,24.85,,,
1,fake_audio_only,id08348,0rjY4bzSSKQ,6,0.0,99.4,95.41,26.64,,,
1,fake_video_only,id01209,4KlBvwgM9mw,40,20.98,0.01,99.9,31.91,,,
0,real,id00184,I1RdjCJQuDE,180,0.1,0.0,22.86,29.15,,,
1,fake_video_only,id02119,PEhZNulBqr0,77,0.05,0.0,7.07,30.03,,,
0,real,id00680,PfHSQQQV28I,217,32.64,0.0,91.75,30.54,,,
1,fake_video_only,id00019,RpV7zEpx3QY,74,0.0,0.01,21.85,30.22,,,
0,real,id00428,SzJMiutUB1E,32,0.0,0.0,57.57,29.98,,,
1,fake_both,id04258,H6IXpvZ7Fog,113,0.0,98.93,1.05,36.69,,,
1,fake_audio_only,id06289,wys-kOkj7GM,474,0.25,32.22,89.94,32.42,,,
1,fake_both,id07167,Ccs8NT45UYQ,54,0.11,100.0,98.24,69.92,,,
1,fake_audio_only,id05010,AEm8ZsF5bCA,139,0.0,0.16,18.46,28.66,,,
0,real,id03148,SZ93vWrx7RY,77,0.0,0.76,1.32,39.67,,,
0,real,id02809,y4LiOAS1k8M,46,0.0,0.0,50.59,32.13,,,
1,fake_video_only,id01040,nRs2jedT0gQ,234,0.03,7.58,81.69,29.05,,,
1,fake_audio_only,id00420,7shTBm2dAZc,34,0.0,0.0,4.03,30.69,,,
0,real,id01245,7pYBPczR_z0,27,0.0,0.0,1.33,32.18,,,
1,fake_both,id03158,T-16Vq2b4n8,47,0.01,0.08,75.1,33.64,,,
1,fake_both,id04221,b43sJLyR6Us,247,0.0,0.01,19.56,34.01,,,
1,fake_video_only,id01501,JpV1pA3rSZc,201,0.32,0.0,84.72,31.05,,,
1,fake_video_only,id01768,lI5qiyvfpas,321,0.0,0.0,12.61,30.69,,,
0,real,id04647,xJ2PPBS98rA,116,0.0,0.0,98.49,35.6,,,
1,fake_video_only,id00622,0AqZX4K9NJc,2,0.0,0.01,3.71,37.4,,,
0,real,id05834,8Hn4AT4UNSQ,4,0.0,0.0,72.22,58.25,,,
1,fake_both,id03109,_KGvI5g5ipc,40,0.02,4.59,8.93,36.21,,,
1,fake_both,id01315,yUlGwRy5HCM,485,0.14,99.91,29.22,29.52,,,
1,fake_audio_only,id03383,VkysETzn9rE,46,0.0,37.57,99.71,33.74,,,
1,fake_video_only,id05684,pW7m_kqgIzo,85,4.11,0.01,56.69,30.57,,,
1,fake_video_only,id02043,sMGc5gchRmg,203,0.0,0.0,86.18,27.71,,,
1,fake_audio_only,id02532,maFTjd0WTSs,135,0.0,1.36,2.43,29.59,,,
1,fake_video_only,id07740,Hsv_N3Oa--E,66,0.0,0.59,16.89,31.15,,,
1,fake_video_only,id07974,qrBMMIcqtZQ,448,0.0,0.01,91.41,92.48,,,
1,fake_both,id05124,P7oVxOFRN7Q,252,0.0,99.7,9.57,30.93,,,
0,real,id00064,MnBv-hDLPWo,225,0.01,0.0,36.52,29.52,,,
0,real,id04027,EXHEi7EsI1A,133,0.0,0.0,49.8,30.66,,,
1,fake_both,id03750,Aao0YSITuxc,94,0.0,98.69,96.0,33.72,,,
0,real,id01786,8OMAt_OTFeE,10,0.11,0.06,97.31,29.98,,,
1,fake_video_only,id03750,c9Wy4CBIAFU,367,0.02,0.0,98.0,31.45,,,
1,fake_both,id00903,_MX3OPgrH0o,229,1.08,0.72,4.05,36.18,,,
0,real,id00502,Tbrx2xfc9xY,96,0.01,0.0,68.12,33.52,,,
1,fake_video_only,id00890,GM1V2z5W_JI,69,0.0,0.0,0.96,36.67,,,
1,fake_video_only,id00353,woN85Qw8wLw,445,0.0,0.01,2.64,35.45,,,
1,fake_audio_only,id05124,G5srTdVKjDI,171,0.04,49.29,12.57,34.72,,,
1,fake_video_only,id00620,ltWpYQv8Oas,315,0.0,0.02,58.4,38.62,,,
0,real,id03839,LhI_8AWX_Mg,180,0.0,0.0,5.88,32.62,,,
1,fake_both,id04263,G_v27xhylRM,43,0.0,13.57,20.47,29.61,,,
1,fake_both,id08702,g_VOR_5UoqU,282,1.93,44.69,3.67,83.35,,,
1,fake_both,id05510,0IHa5pQNi8Y,6,0.07,0.02,99.71,33.47,,,
1,fake_video_only,id05057,SQgytuSDDYI,286,0.0,0.0,1.2,32.64,,,
1,fake_audio_only,id05510,9brYqywrNzA,24,0.01,95.48,83.11,30.57,,,
1,fake_audio_only,id00577,1ZNYv9KHOq0,1,0.02,1.22,99.76,34.28,,,
0,real,id03347,fNJ7ttOFOkI,280,0.0,0.0,51.66,86.91,,,
0,real,id07202,qCb-iQEANDM,36,0.03,0.01,26.73,39.18,,,
0,real,id01193,16oU7r66npM,17,0.02,0.0,10.03,41.55,,,
1,fake_both,id02299,TYnuybysGPA,198,0.0,0.0,3.28,54.35,,,
1,fake_audio_only,id03372,iWveMuqaEu4,169,0.0,0.44,5.13,30.91,,,
1,fake_both,id02343,pyLIkpxj5QQ,333,0.22,3.05,1.58,28.49,,,
1,fake_both,id04968,Gxq7E8XBKh8,177,0.0,0.0,80.52,33.42,,,
0,real,id01054,xFXg5s8ygnc,361,86.28,0.0,20.9,32.62,,,
1,fake_video_only,id03727,ktxQnWjhGFs,428,0.02,0.01,86.62,27.08,,,
1,fake_audio_only,id00539,I2o9Q8McTng,34,0.01,0.0,80.96,42.94,,,
1,fake_audio_only,id09078,dKR5SI5XnIg,106,0.0,0.04,1.85,39.31,,,
1,fake_audio_only,id03609,XJ_-vQHVBwM,40,0.0,0.1,99.71,32.54,,,
0,real,id04344,Wjzh7a5bI5U,33,0.0,0.0,46.19,54.49,,,
0,real,id00568,Afow0zaN3KM,29,0.0,0.0,9.79,35.08,,,
1,fake_video_only,id04406,5lPvmkMajeg,28,9.84,0.23,28.86,41.02,,,
1,fake_video_only,id01425,HH4-mFyPWSY,71,0.0,0.0,89.94,26.22,,,
1,fake_audio_only,id05057,G8lopnQFj5s,198,0.0,98.58,11.16,44.29,,,
1,fake_both,id05381,MhvEZW93z_s,5,0.0,76.68,4.17,25.95,,,
0,real,id06809,W0qP9g3naQ0,60,0.68,0.0,25.83,27.78,,,
0,real,id02318,sY0th2gc0x8,363,0.0,0.0,18.84,67.33,,,
1,fake_audio_only,id01304,1Iz7WNcVt3Q,4,0.0,97.49,0.86,35.86,,,
1,fake_audio_only,id00099,oJUj82wQmEc,88,0.0,14.29,99.41,31.35,,,
0,real,id00184,kC78MIMgpx4,361,0.01,0.0,99.61,28.96,,,
1,fake_video_only,id05727,KeO5uRYv-Kk,42,0.0,0.05,22.47,32.1,,,
1,fake_both,id01685,GV_YeHxCbCA,74,0.0,0.02,6.42,29.25,,,
1,fake_audio_only,id04477,9beWWX5YV48,56,0.0,0.0,98.29,28.15,,,
1,fake_audio_only,id04342,UId6WbLFOkE,82,0.0,0.08,25.02,28.1,,,
1,fake_audio_only,id00620,RI8EZr4TQOk,193,0.01,2.57,41.48,35.82,,,
1,fake_both,id08375,780Uikx5liE,10,0.02,45.88,14.77,31.45,,,
1,fake_audio_only,id02267,1bGTx01LxyY,9,0.0,0.0,78.86,35.82,,,
1,fake_both,id00184,WXaFevYxgnY,230,0.01,1.4,21.14,85.01,,,
0,real,id02361,ttYa5GCHL9Q,365,0.0,0.0,90.43,36.91,,,
1,fake_both,id07202,YrfrL9i020M,21,5.01,100.0,12.2,31.62,,,
0,real,id06881,VXGHSfg6P3c,137,0.01,0.0,99.12,27.34,,,
1,fake_both,id01373,i1epego9WXw,127,0.01,2.78,65.72,30.44,,,
0,real,id02149,UBESh3IRExE,68,0.01,0.0,20.8,29.37,,,
0,real,id02475,R_SlxW9eSL4,94,0.03,0.11,0.71,94.43,,,
1,fake_audio_only,id00395,D-hTxDMIXpI,71,0.0,55.95,46.09,35.91,,,
0,real,id04991,WR_yyObNjsM,58,0.0,0.01,2.87,29.0,,,
1,fake_both,id04823,HCdi6YVd-cc,98,0.0,2.55,18.24,26.9,,,
1,fake_both,id04031,epx9D-0Nrd4,302,0.03,0.0,3.37,32.84,,,
1,fake_audio_only,id03027,HH5lt6v4KRs,44,0.04,0.01,98.63,27.22,,,
1,fake_both,id07989,wMkLZjQz2O0,103,0.0,0.0,96.04,38.06,,,
1,fake_video_only,id06289,wn5MuLtsOak,451,0.01,0.01,9.12,33.42,,,
1,fake_video_only,id06289,wys-kOkj7GM,497,0.05,0.01,42.43,32.01,,,
1,fake_audio_only,id04300,O-jvfh85mnM,109,0.0,90.27,9.19,28.34,,,
1,fake_both,id00947,VQD38WPAYDY,82,0.01,0.1,10.63,30.96,,,
0,real,id02148,FuPsSnkvzm0,32,0.02,0.0,1.36,57.28,,,
0,real,id03347,BSwuqVPcgvQ,25,0.0,0.01,12.77,47.09,,,
1,fake_both,id04740,gz3niGjh5V8,71,0.0,0.01,97.66,58.89,,,
1,fake_video_only,id03862,_FGtg4jkcME,306,0.0,0.0,8.54,30.74,,,
1,fake_both,id08603,G3SaY8oRMkM,86,0.0,0.01,99.9,29.74,,,
1,fake_video_only,id00568,Y6qZObZnCk0,177,0.0,0.01,2.39,32.4,,,
0,real,id08701,uMgfUuJkEFo,410,0.03,0.0,98.93,33.62,,,
0,real,id04981,9qJOtRs4tOI,24,2.38,0.0,99.8,37.55,,,
1,fake_both,id05816,SCbhADNyfwg,144,0.16,0.02,19.71,34.45,,,
1,fake_video_only,id03429,6cCKoFqsN9A,20,0.0,0.01,11.9,39.77,,,
1,fake_video_only,id07991,at7mCqs6P1Q,69,0.0,0.0,25.22,72.41,,,
1,fake_both,id02270,kVeJNj3r-18,417,0.0,4.45,22.69,40.77,,,
1,fake_both,id04017,JK4FbU4GAjo,142,0.68,58.62,98.78,28.27,,,
1,fake_audio_only,id01503,JubAAua_RjU,47,0.01,65.14,44.78,27.1,,,
1,fake_both,id05906,DUGfWnbEkqw,37,0.0,99.92,98.83,24.83,,,
0,real,id04258,ZLFvmxgcF2w,185,0.0,0.04,3.36,29.44,,,
1,fake_both,id07459,0YVZ02cX8wQ,3,3.7,0.03,98.49,66.7,,,
1,fake_both,id04224,NQsQviHLZsE,303,1.4,0.52,27.86,46.9,,,
1,fake_audio_only,id01648,8haOrhkzMvQ,105,0.0,100.0,84.62,27.08,,,
1,fake_both,id08820,97Upxgaru68,32,0.01,0.0,87.84,77.59,,,
1,fake_both,id01315,yUlGwRy5HCM,478,0.0,100.0,3.38,29.0,,,
1,fake_audio_only,id01010,_gzGEod1lcs,265,0.0,1.02,21.4,47.07,,,
1,fake_both,id04017,UtW6lS-mW7k,242,0.0,11.61,93.95,28.91,,,
0,real,id00759,Cu5mAocuZ3o,61,0.0,0.0,66.21,34.62,,,
1,fake_both,id01682,qmvKPd9S3qI,115,0.03,0.02,23.74,28.54,,,
0,real,id07974,1eYjZj20Rgw,28,0.0,0.0,16.96,39.48,,,
1,fake_both,id04823,KoV6_EpcLZ0,144,0.0,0.01,2.16,60.06,,,
1,fake_both,id08708,v7QIEj3nzZY,38,0.0,22.92,98.73,70.75,,,
1,fake_both,id05260,txd6ltIoZ-w,423,3.56,0.8,71.97,27.76,,,
0,real,id06109,ZR1I-ULyAj0,315,0.0,0.0,93.12,29.49,,,
0,real,id01346,EnXU5GYNBQs,46,0.01,0.0,45.14,36.16,,,
1,fake_audio_only,id06972,DXjr1-xlr1g,28,0.0,0.18,47.73,26.2,,,
0,real,id00291,xMFt_0yJGUs,160,0.0,0.0,13.67,28.44,,,
1,fake_video_only,id06289,kU2tBCDh6_o,377,0.0,0.25,97.95,31.86,,,
1,fake_video_only,id03705,yNt3_CGeez4,500,0.08,0.19,2.24,30.44,,,
1,fake_both,id03375,pxt5du5vCdQ,145,5.69,5.12,29.86,36.23,,,
1,fake_audio_only,id09171,wRUp_87uVGA,467,0.0,0.1,29.74,35.11,,,
1,fake_both,id08904,lIiasd-DAuU,381,0.0,100.0,0.95,31.42,,,
1,fake_audio_only,id08124,iJLxDEYCex8,143,0.01,0.06,28.42,67.33,,,
0,real,id08064,PTePUd1n5_U,208,0.61,0.0,11.4,27.66,,,
0,real,id02010,PCMrnElS4I8,16,0.0,0.0,7.64,34.72,,,
0,real,id06109,0dNBEVW2PUI,6,0.0,0.0,99.76,36.16,,,
1,fake_video_only,id04705,ppHcaqU9Yps,382,0.0,0.01,9.39,31.25,,,
1,fake_both,id04171,2V4BO0nK7SI,11,0.02,0.04,81.4,25.9,,,
0,real,id01963,IZrlYbpz1II,29,0.0,0.0,5.56,32.32,,,
1,fake_audio_only,id06196,IH7LPq5FiTU,177,0.0,0.09,2.89,27.61,,,
1,fake_both,id01857,GQ1HChwmPKU,129,2.59,43.15,28.69,26.64,,,
1,fake_both,id01315,Mx9LYZxydPY,204,0.24,0.01,85.94,51.46,,,
0,real,id03489,NXtlfBjAn98,103,0.0,0.0,91.65,29.69,,,
1,fake_both,id06716,cHu0pW7UdIc,68,0.32,0.01,65.67,85.4,,,
0,real,id07614,H4aViiDtW4c,67,0.01,0.0,99.85,30.13,,,
1,fake_video_only,id05816,wDYw-tt-nY8,435,0.09,0.36,63.72,55.22,,,
1,fake_audio_only,id08992,TsI_pw0Scvc,87,0.0,0.01,99.61,37.5,,,
1,fake_video_only,id06415,E_9-8dPhwu4,119,0.07,6.63,4.13,83.98,,,
1,fake_video_only,id04097,jMiZR-C71Pc,407,1.4,0.07,5.93,29.1,,,
1,fake_audio_only,id05916,JTT5YXrCI2g,157,0.0,32.31,2.34,30.32,,,
1,fake_audio_only,id06289,0x4pFYvmR6Q,4,0.63,99.98,45.12,26.1,,,
1,fake_audio_only,id04163,ltRlN6yugwk,353,0.03,0.04,8.5,62.45,,,
1,fake_audio_only,id08804,CryHvZTP4No,69,0.0,2.81,92.29,54.25,,,
1,fake_both,id04822,5172dOMFvog,11,0.0,0.37,99.02,29.44,,,
1,fake_video_only,id02035,FItNcXtMTTo,25,0.43,0.02,3.94,34.74,,,
1,fake_audio_only,id06111,0pum39_lsE0,19,0.0,0.39,99.95,30.59,,,
1,fake_video_only,id05453,iFz4NODes9c,293,0.0,6.51,99.12,28.15,,,
1,fake_video_only,id03871,5uo_cez0aug,55,0.0,0.0,2.53,36.47,,,
0,real,id05027,ozSdlVd55oc,313,0.0,0.0,1.35,34.01,,,
1,fake_both,id00155,CbXyL8UgKUQ,39,0.0,0.0,1.6,28.37,,,
1,fake_audio_only,id01101,6bB2dglVIzg,51,0.0,58.08,14.59,31.47,,,
1,fake_both,id07400,IHkAblzTPcU,121,0.0,97.96,18.66,26.05,,,
1,fake_audio_only,id04656,2BkaBbeSoGI,18,0.0,84.63,5.26,35.16,,,
1,fake_both,id03671,Ffx4mm4HMOI,23,0.0,0.31,24.63,34.45,,,
1,fake_video_only,id08019,f3NORyXIDCk,104,0.0,0.0,3.56,43.36,,,
0,real,id04334,QfWDABsdD5Q,225,0.19,0.0,43.73,59.96,,,
0,real,id08595,YuL1J5Jro3M,91,0.0,0.0,24.77,27.88,,,
1,fake_audio_only,id03786,urwaPGWup2E,480,0.0,0.09,26.12,59.62,,,
1,fake_both,id07960,Ck3Cr9Z-8yk,13,0.0,90.36,5.48,30.44,,,
1,fake_audio_only,id01523,r9rWfI-6E2U,405,1.57,18.65,2.55,32.93,,,
1,fake_audio_only,id05575,j4c7mkbbXHA,13,0.0,65.57,3.97,32.1,,,
1,fake_video_only,id08573,rVpCF19I0_4,442,0.0,0.03,17.3,32.64,,,
1,fake_video_only,id08374,jyzbSCQBE7o,310,0.0,0.09,69.04,29.66,,,
1,fake_video_only,id01010,cOO0g8sNN8E,300,0.0,0.68,1.22,46.29,,,
0,real,id01224,ED7tjRdfOVk,78,0.0,0.0,24.11,30.81,,,
0,real,id01904,0t6hbfyXsq8,8,0.0,0.0,99.32,29.42,,,
1,fake_both,id05871,vHGFqKsNMzg,70,0.0,0.0,52.25,32.62,,,
1,fake_audio_only,id01838,EKTWsTX3Prg,38,0.31,0.02,3.4,35.45,,,
0,real,id05710,AMJn05FFSV4,128,0.0,0.0,14.12,29.05,,,
1,fake_both,id01298,oCRfIciXOPs,355,0.0,0.17,42.48,30.47,,,
0,real,id07643,D4dCSTnQhk4,34,0.03,0.0,92.92,30.64,,,
1,fake_audio_only,id08937,fRsufxfFwRE,335,0.09,0.01,11.54,28.39,,,
1,fake_video_only,id02004,oeROZr7_zis,272,0.0,0.03,1.42,66.94,,,
1,fake_video_only,id03605,EiBHgVfbfLk,5,0.0,0.0,4.06,29.79,,,
1,fake_video_only,id02812,uD_5dwbBgOU,150,1.41,0.01,19.18,34.94,,,
0,real,id03677,W-a-BtfRCOg,93,0.09,0.0,4.27,28.25,,,
0,real,id08714,OATmRJGzTvg,220,0.0,0.0,92.14,27.47,,,
0,real,id05167,G24Q5IwNj_E,80,0.04,0.0,29.81,28.71,,,
1,fake_video_only,id05905,U8o_Oylwr6g,18,0.0,0.0,63.92,37.65,,,
0,real,id05301,r7jYgm8Swws,64,0.0,0.0,1.62,31.86,,,
1,fake_video_only,id07776,JAh3FvqwdbU,156,0.0,0.01,0.86,43.97,,,
1,fake_both,id00876,Z2D-yadOn5s,309,0.0,10.87,86.57,89.06,,,
1,fake_both,id04517,WEmhLqWdl7g,213,90.72,54.38,41.82,26.88,,,
1,fake_both,id03247,wLzJSvo0Ppc,454,0.0,0.79,99.17,39.01,,,
1,fake_both,id02342,G9Dxu5kbXZs,5,0.0,0.03,5.79,54.98,,,
1,fake_both,id07988,tMycZOp_yyA,148,0.01,0.09,0.74,34.62,,,
0,real,id06414,Lfl5Ute93Xc,144,0.0,0.0,4.61,32.3,,,
1,fake_audio_only,id02636,lTk4pzqmvjY,140,2.62,0.09,63.23,31.1,,,
1,fake_video_only,id02573,GOSYvKrOCsQ,117,0.0,0.0,25.17,31.15,,,
1,fake_both,id01333,D8Pv2f28x3Q,99,0.0,0.31,51.76,32.89,,,
1,fake_both,id02576,x7IzdUTnBtQ,143,7.5,0.34,3.92,33.52,,,
1,fake_audio_only,id08456,jFz7UxrO-iM,288,0.04,53.95,2.94,31.01,,,
1,fake_both,id01768,GPWyZK_suAk,102,99.41,73.18,28.71,32.45,,,
0,real,id08529,ZCePJgCciDU,189,0.07,0.0,21.95,48.27,,,
1,fake_audio_only,id04523,zj2sTp00GjY,474,1.41,0.0,31.45,29.47,,,
1,fake_both,id01468,zLWD6UJT23k,193,0.0,0.01,10.89,45.31,,,
1,fake_both,id02271,K2OEYxA2CVs,56,0.0,0.05,46.78,37.35,,,
1,fake_both,id04163,vBoCiHpe-IY,414,0.0,2.77,90.48,30.66,,,
1,fake_both,id03199,4okOZ5DEkmk,41,0.03,0.2,98.34,34.38,,,
1,fake_audio_only,id08335,bZA5C9Dh7kU,381,0.0,36.09,98.0,32.79,,,
1,fake_both,id07997,ZSm5CenOBhQ,99,0.06,94.75,23.83,31.64,,,
1,fake_both,id01993,9dw6agrNkoE,22,0.21,99.97,95.31,27.91,,,
1,fake_video_only,id04757,P5mRpuQ7Tec,130,0.13,0.26,30.44,38.77,,,
1,fake_both,id01252,0n1RGxAripU,2,0.94,93.2,70.21,35.18,,,
1,fake_audio_only,id01332,hGw57GkffrY,130,0.0,0.0,43.19,37.6,,,
1,fake_video_only,id08705,QvNw1f-xuIM,67,0.04,0.0,6.81,30.15,,,
1,fake_both,id04803,VflWIhw0kZo,24,0.0,0.34,15.98,35.23,,,
1,fake_video_only,id04266,YD-Ar-c-d1o,295,0.05,0.03,99.95,35.64,,,
1,fake_video_only,id04405,uM05tWq3HtM,10,0.0,0.04,92.63,26.66,,,
0,real,id07741,f9L8_kgIBKU,379,0.0,0.0,97.75,34.06,,,
1,fake_audio_only,id04618,gHSldiJao9A,332,0.0,0.14,95.56,41.85,,,
0,real,id08236,ZRdVDgoGH1Y,276,0.02,0.0,22.78,32.15,,,
1,fake_both,id01054,IE4B02LFXDY,146,0.02,0.03,10.86,28.88,,,
1,fake_audio_only,id07360,0zIC935v37c,2,0.0,96.6,99.61,32.15,,,
1,fake_audio_only,id03388,9DKI4mQTTDg,11,0.0,91.03,0.87,38.72,,,
1,fake_video_only,id00475,xQjvXRcnPvw,102,0.04,0.22,4.59,30.96,,,
1,fake_both,id02760,qkbo1vxN40Y,357,0.02,5.06,79.0,34.01,,,
1,fake_both,id08704,N0wYk9QA7_s,216,0.0,0.16,77.05,33.94,,,
0,real,id08981,CZwulCxJa14,133,0.0,0.0,2.19,33.52,,,
1,fake_both,id02724,twL3X1-N3DQ,427,0.02,17.59,39.5,33.11,,,
1,fake_audio_only,id01769,VnlEq6gSqMk,256,0.03,6.19,99.95,28.56,,,
1,fake_video_only,id03298,_px-OC3Bcao,359,0.0,0.16,5.36,43.53,,,
1,fake_audio_only,id04997,hdjoRgrq5lA,305,0.0,32.46,71.83,33.57,,,
1,fake_video_only,id07911,5DA4Zn_k3Rc,42,0.05,0.03,2.51,33.28,,,
1,fake_both,id05691,8oN9s5Hpmy0,143,0.0,53.49,29.2,47.97,,,
1,fake_audio_only,id04404,INlucTgD6K8,119,3.47,99.99,93.46,28.86,,,
1,fake_video_only,id08573,Fvw-nd9Id1g,193,0.0,0.0,12.29,28.81,,,
1,fake_video_only,id00387,jzzTXDg_WZk,123,0.02,0.01,25.63,30.25,,,
1,fake_audio_only,id06415,E_9-8dPhwu4,129,0.0,17.15,8.3,40.21,,,
1,fake_audio_only,id04300,fT9DSZrl1KA,229,0.07,0.02,81.1,31.13,,,
1,fake_audio_only,id06351,vBTRlVvdaFo,473,0.12,0.01,95.31,30.25,,,
1,fake_video_only,id00945,U1yeMYiwGRE,100,0.0,1.13,1.21,38.5,,,
1,fake_video_only,id08583,NAabZT5FRW8,29,0.0,0.01,3.52,27.34,,,
1,fake_video_only,id04404,W7Xh10G5RCg,199,0.03,0.0,98.44,31.37,,,
0,real,id00064,x7ZZ23I4MZE,424,0.0,0.0,5.07,27.32,,,
1,fake_both,id06999,l0qDFRZrNRw,24,0.04,10.56,88.33,33.67,,,
1,fake_both,id00817,HUmfsvegMRo,137,0.0,0.45,7.17,36.67,,,
1,fake_video_only,id00419,XIoqga1hTg8,263,0.0,0.01,48.32,42.68,,,
1,fake_video_only,id07578,ypZIELoNtKM,482,0.02,0.0,2.45,34.52,,,
1,fake_audio_only,id02053,LB66n9twSMY,161,0.0,99.61,27.05,30.13,,,
1,fake_audio_only,id08707,mlol4-E6Be8,42,0.33,0.01,62.89,27.47,,,
1,fake_both,id07497,8Ou7LCd9tIQ,48,0.0,32.87,10.23,49.66,,,
1,fake_both,id03084,fErzaZMEsOg,44,0.0,0.0,61.43,30.18,,,
1,fake_both,id02471,YxUzJIL9RI0,23,0.0,96.57,1.08,27.51,,,
1,fake_audio_only,id01769,vekiWq_IrZw,464,0.0,98.63,68.55,31.13,,,
1,fake_both,id01403,kVyVS-kxVuA,119,0.0,0.19,11.2,32.18,,,
1,fake_both,id03942,TZpAMhH1Irk,308,0.0,0.0,39.16,27.81,,,
1,fake_audio_only,id07357,N-2_AACPbMU,167,0.0,0.67,21.58,30.08,,,
1,fake_both,id05209,DU99Kx1V_Zc,160,0.0,0.0,97.36,32.15,,,
1,fake_audio_only,id08066,uTdqx5V90m4,436,0.0,0.0,1.16,35.62,,,
1,fake_both,id00944,pDPnU9-iV-M,478,17.71,99.99,57.37,35.91,,,
1,fake_audio_only,id01106,WRjuuae075U,222,2.43,98.19,96.68,30.54,,,
1,fake_both,id06109,CFnLtQFkZxc,137,0.0,0.0,90.62,32.62,,,
0,real,id00184,kC78MIMgpx4,352,0.0,0.0,99.66,34.03,,,
0,real,id04198,hTmQTexvROY,385,0.0,0.0,99.51,30.91,,,
1,fake_audio_only,id03520,zMgAC521i-k,71,0.0,97.2,1.29,32.59,,,
0,real,id08937,aW9QxwZu29A,224,0.71,0.0,99.12,28.59,,,
1,fake_audio_only,id00173,UHoMXLSjlDo,118,0.0,99.98,7.84,29.37,,,
0,real,id00385,eVl1XMXXhIU,300,0.01,0.0,8.57,30.32,,,
1,fake_audio_only,id01906,EKJxwg6QVmw,213,0.02,99.67,99.9,32.59,,,
0,real,id00612,e9OTlIbIVzs,140,0.0,0.0,14.92,37.01,,,
1,fake_audio_only,id02463,BLbPSBOP6yI,106,0.0,0.04,2.14,35.94,,,
1,fake_both,id07121,GCWqdn7T0Kk,35,0.0,0.0,8.53,34.81,,,
1,fake_both,id05027,ZxZZtL-Pmfk,241,0.01,0.08,1.14,94.24,,,
1,fake_both,id01006,0uB0eKXOPrQ,15,0.0,8.44,72.95,31.35,,,
1,fake_both,id04684,7EfQQ2Rb70s,51,0.01,0.02,0.68,30.96,,,
1,fake_audio_only,id06432,yMwG9QbnLtc,444,0.0,3.07,69.38,32.71,,,
0,real,id00419,1zffAxBod_c,1,0.0,0.0,95.9,33.54,,,
1,fake_audio_only,id00469,xw4yICzziF0,426,0.0,6.97,3.76,77.73,,,
0,real,id03148,wPbaqWz9r1g,165,0.0,0.0,3.75,30.2,,,
1,fake_audio_only,id05054,7qfwd3tcr5A,27,0.0,99.78,6.14,34.13,,,
1,fake_audio_only,id03733,7f-wqd4pGdM,40,0.01,35.63,9.77,31.27,,,
1,fake_audio_only,id06874,cTx6dw7HpHk,296,0.0,0.69,2.27,66.31,,,
1,fake_video_only,id07360,DWskYUtZDh4,89,1.99,0.02,96.83,36.65,,,
1,fake_audio_only,id00944,OK8MpOMLk-A,222,0.0,73.5,76.66,28.64,,,
1,fake_both,id04780,dSz4xNqipa0,304,0.08,54.43,0.83,32.28,,,
0,real,id04644,1-j9lJxqC08,14,0.0,0.0,99.07,41.53,,,
1,fake_video_only,id03352,GFbRkAsOOrc,76,0.0,44.66,87.26,25.02,,,
1,fake_both,id03532,yaZYO766H5I,465,3.2,7.5,99.02,32.69,,,
1,fake_video_only,id04221,RJZtCr-pcLI,188,0.0,0.0,93.7,32.76,,,
1,fake_both,id06135,EyDReLDFxf4,29,0.0,0.1,8.25,30.88,,,
1,fake_both,id04742,ANL6HNgrxR8,52,0.67,95.69,11.66,60.79,,,
0,real,id04903,L_Gq2ayEhJY,220,0.0,0.0,94.09,36.45,,,
0,real,id04523,_slXkqJJJg0,267,0.05,0.0,51.07,45.31,,,
1,fake_both,id01875,6UZgy2X79qI,35,0.65,97.16,9.6,31.57,,,
1,fake_audio_only,id06484,ZySpn0Aj09k,108,0.01,99.21,3.5,32.1,,,
1,fake_both,id03942,GzdR39_3R8M,170,0.03,0.05,98.1,41.53,,,
1,fake_audio_only,id04265,cSE9xJgKpi4,282,0.0,0.02,92.77,39.23,,,
1,fake_audio_only,id06004,2McwA7uxoI0,5,0.03,81.63,99.8,51.03,,,
1,fake_audio_only,id01523,r9rWfI-6E2U,308,0.18,0.0,0.94,34.86,,,
1,fake_audio_only,id01840,3gfxDIKlkG8,43,0.0,0.01,94.34,37.16,,,
1,fake_audio_only,id00891,hQoiQ_EtFak,270,0.33,99.82,96.83,37.57,,,
0,real,id02739,BRJy48JWiHk,43,0.0,0.0,1.3,25.44,,,
1,fake_both,id05284,0DlOVzkXf0A,1,0.0,0.08,97.56,45.92,,,
1,fake_audio_only,id04205,8f8uWz91DxU,4,0.0,0.02,7.54,40.11,,,
1,fake_audio_only,id06405,lnzTsVyhrYY,99,0.0,0.02,1.7,37.99,,,
1,fake_video_only,id04705,iDHY1MLohz4,333,3.23,3.45,74.22,33.06,,,
1,fake_audio_only,id08124,UChpgJBjOHk,62,0.07,0.05,44.36,28.44,,,
0,real,id08066,FDMpYboySTo,55,0.0,0.0,95.95,32.13,,,
0,real,id05167,GB7V5KHZWiA,92,0.09,0.0,2.81,32.4,,,
1,fake_both,id08804,kw0vIKJUvNA,401,0.0,100.0,40.43,31.47,,,
1,fake_both,id08627,sXOaTeSHgDU,120,0.0,0.77,45.12,76.42,,,
0,real,id07191,pd7PXZRirZg,73,0.07,0.0,35.18,33.33,,,
0,real,id03821,9-ENIlg1fVo,68,0.0,0.0,41.97,55.62,,,
0,real,id08917,SoQVzWGO80o,227,0.0,0.0,2.1,34.06,,,
1,fake_both,id04094,8SFhrRX2ZhE,38,0.54,99.66,2.91,29.91,,,
0,real,id03867,C3yAmJB8yLA,39,0.0,0.0,29.08,24.78,,,
1,fake_video_only,id07719,Ke0hwvkeH94,155,7.26,0.0,8.21,90.43,,,
1,fake_both,id07958,vFgjxjdiofo,161,0.0,100.0,90.33,33.15,,,
1,fake_video_only,id00422,NwU3rGYNHQs,37,0.95,0.01,18.98,30.69,,,
1,fake_video_only,id08612,yfE-Qeu1rl0,74,0.01,0.11,17.85,49.85,,,
1,fake_video_only,id05093,gO2ZfPow5b8,133,0.0,0.02,30.13,29.57,,,
1,fake_audio_only,id03532,HzOz1ILh5eQ,160,0.0,0.0,1.11,69.63,,,
1,fake_video_only,id01521,wxhxaSnN7Jc,144,0.0,0.02,30.91,48.0,,,
1,fake_audio_only,id04300,OdywP4JVmUA,118,0.1,0.54,92.14,31.84,,,
1,fake_video_only,id07351,ev9EKPM5p1s,384,0.03,0.02,99.51,57.08,,,
0,real,id08261,y-7gWsoXtUw,464,0.02,0.78,2.33,25.42,,,
0,real,id00680,P-NUf_GehR8,187,0.0,0.05,21.06,51.81,,,
1,fake_video_only,id05686,9MVN9T2HEIk,25,0.01,0.0,98.93,29.74,,,
1,fake_audio_only,id04320,4jFnAdWsHLs,8,0.0,0.22,99.9,74.46,,,
0,real,id00876,lUA4wpgqerg,414,0.11,0.0,48.46,33.76,,,
1,fake_both,id05253,fuOeM7-fYLQ,177,0.0,0.02,89.31,33.84,,,
1,fake_audio_only,id00012,aE4Om0EEiuk,115,0.0,95.82,42.07,28.86,,,
1,fake_both,id06717,LQmFz31bRNs,159,0.02,1.62,93.46,39.55,,,
1,fake_both,id01782,xpKwenp0LiQ,175,0.01,0.08,8.87,31.03,,,
0,real,id01340,LYGRCCgWaXg,20,0.0,0.0,7.2,67.19,,,
1,fake_both,id05256,kIsJWz4bD7w,416,0.05,0.05,3.9,42.63,,,
0,real,id04084,u_oerEIOuNo,66,0.21,0.0,33.37,29.08,,,
0,real,id00788,PpahTPdv1ls,260,0.0,0.0,8.59,30.54,,,
0,real,id07470,yJQsmASTzGE,116,0.01,0.0,96.63,52.0,,,
1,fake_video_only,id01298,tMjwRF7TX9Q,403,0.78,0.01,10.78,28.91,,,
1,fake_video_only,id08804,kw0vIKJUvNA,373,0.0,0.12,31.1,26.22,,,
0,real,id04656,oNErHGcH2GI,415,0.0,0.0,99.85,32.18,,,
1,fake_both,id08064,Ak6IIIEMLsc,76,0.0,99.86,23.58,27.51,,,
0,real,id02317,TdOP20JBiYw,314,0.34,0.01,99.85,35.25,,,
1,fake_both,id01873,hVw9TPetqDI,51,0.02,77.04,88.23,29.86,,,
0,real,id05832,N4PFaJMSl6E,188,0.0,0.0,22.57,27.39,,,
1,fake_both,id08335,XMDIY5kJPLU,269,0.06,0.01,99.12,33.67,,,
1,fake_video_only,id02121,fvxEYFg2CWE,140,0.09,0.0,75.05,33.64,,,
1,fake_audio_only,id02948,DeW2V2772VA,106,0.0,0.0,4.65,33.84,,,
1,fake_audio_only,id05168,ucR3U7GY9DA,220,0.0,99.97,0.93,31.64,,,
1,fake_audio_only,id00251,11Fs12ZRru8,12,0.0,68.27,37.94,45.02,,,
1,fake_video_only,id08374,UC_wxaVezI4,243,2.63,0.03,39.16,25.29,,,
1,fake_audio_only,id05040,upV0v1p82rQ,56,0.0,0.96,0.97,72.02,,,
1,fake_video_only,id07719,Ke0hwvkeH94,184,1.01,0.01,21.67,52.98,,,
1,fake_audio_only,id07357,6OsOcg-_t6w,93,0.0,0.0,79.2,33.28,,,
1,fake_video_only,id00759,Cu5mAocuZ3o,54,0.0,0.0,38.53,33.76,,,
1,fake_video_only,id05989,zu6uRvT83YU,491,0.0,0.0,1.23,32.25,,,
1,fake_both,id06950,6jB-963VpiM,29,0.0,0.01,1.46,36.96,,,
1,fake_both,id03942,M2drQoDoryw,242,0.0,0.0,31.4,44.29,,,
1,fake_both,id00190,FKzs0uGX_VA,37,0.0,0.07,0.96,62.4,,,
1,fake_video_only,id02825,fbjvZVzOvmU,25,0.0,0.01,5.18,33.47,,,
0,real,id07848,RqBJ89fFwLc,85,0.25,0.0,99.22,29.91,,,
0,real,id04147,tdinPOb-oU4,75,0.1,0.0,2.33,29.61,,,
1,fake_audio_only,id07849,_kKe0hbJMGA,142,10.65,8.67,92.68,35.74,,,
1,fake_audio_only,id02878,SxrN7WFKOx8,23,0.02,12.99,12.21,71.53,,,
1,fake_video_only,id02306,nLaCWWSFvmg,422,0.0,0.38,99.95,31.96,,,
1,fake_audio_only,id04229,Ss8abKM-ZSg,275,0.01,0.06,12.79,30.91,,,
1,fake_video_only,id05893,WNY_4WYSKXg,253,32.45,0.05,5.97,39.94,,,
1,fake_both,id04266,QTenzk_iHzg,253,0.0,0.0,11.78,39.23,,,
1,fake_both,id04946,ZCLfDCuGzr0,29,0.01,0.12,99.32,27.78,,,
0,real,id02268,mgd3U88g5aA,46,0.0,0.0,1.39,28.96,,,
1,fake_audio_only,id01156,6lcQ_U2j94c,18,0.09,98.43,43.24,37.6,,,
1,fake_video_only,id02497,_D803upuLUs,130,0.0,0.03,14.62,81.64,,,
0,real,id02102,SKDuFuR_sB0,263,0.0,0.02,7.32,27.66,,,
1,fake_both,id02573,nDJcvnmaBPw,376,0.07,0.09,93.46,42.02,,,
1,fake_both,id04884,aySQAaP_zzs,22,0.01,19.31,3.23,26.37,,,
1,fake_audio_only,id08696,GfVgNDNeQHA,219,0.01,61.08,3.45,41.67,,,
0,real,id01885,aJ2tg1ee94w,89,0.09,0.0,17.36,32.32,,,
0,real,id06289,KamcYjPGMic,146,0.0,0.0,99.12,48.05,,,
0,real,id08629,kMWmnDxBFRs,311,0.01,0.0,46.88,35.35,,,
1,fake_both,id06970,4LhalUxTuKA,18,0.0,0.33,94.19,35.57,,,
1,fake_audio_only,id00169,S1AgesvhRj0,9,0.0,0.02,18.49,53.71,,,
1,fake_video_only,id02149,zJn0HwsZkCU,175,0.27,0.0,4.91,29.2,,,
1,fake_video_only,id00943,2KM7p0PTQVU,9,0.03,0.01,3.88,30.52,,,
1,fake_video_only,id05301,mvj_FWuuxV8,55,0.04,0.0,4.3,29.88,,,
0,real,id05771,R5le52HFlms,110,0.0,0.0,93.9,35.67,,,
1,fake_video_only,id06235,r30Ij3anRvw,226,1.83,1.3,62.74,31.59,,,
1,fake_both,id08804,dWwmySI0cgM,289,0.04,0.03,7.03,84.96,,,
1,fake_audio_only,id03671,IxKP-3BMSfE,34,0.0,90.34,99.12,32.76,,,
1,fake_video_only,id03312,t8GEH2Hxw48,456,0.0,0.01,52.25,33.74,,,
1,fake_both,id05124,nBOn_ZQg_8k,403,12.42,0.05,4.8,31.08,,,
0,real,id06874,qSC06bWxkBo,415,0.0,0.0,1.97,34.89,,,
0,real,id09171,wl5i1XWhYug,474,0.03,0.0,87.45,32.96,,,
1,fake_video_only,id02497,Y15P-kXsHrs,99,33.06,0.12,88.18,41.85,,,
1,fake_audio_only,id06114,oiot7gTiKgE,427,0.0,95.51,89.6,30.47,,,
1,fake_video_only,id02432,jLUQjSfN0ro,81,0.0,0.0,94.68,27.93,,,
1,fake_video_only,id03862,TE2zQc8_W-g,259,0.61,1.05,19.91,37.94,,,
0,real,id01315,ugI_gRR6rB8,401,0.0,0.0,97.27,31.05,,,
1,fake_both,id08569,WUCXebc-kMU,265,0.0,0.34,6.1,36.04,,,
1,fake_both,id08993,2l7DYrXH-UE,256,0.01,0.0,78.08,55.22,,,
1,fake_audio_only,id04644,Vw2MHf7QS4w,200,0.0,0.35,10.09,36.84,,,
1,fake_both,id01121,x44khpjP65o,405,0.0,8.23,22.9,26.73,,,
1,fake_video_only,id03983,WzbCjFe5GeM,368,0.03,0.01,80.81,41.31,,,
1,fake_both,id00670,5cAnRUYdmZ8,19,0.04,0.32,39.38,29.91,,,
1,fake_audio_only,id04644,RvYDW1MDN8o,176,0.0,0.02,94.78,45.21,,,
1,fake_both,id00783,ucbL-vFtwNI,132,5.39,99.95,86.62,32.23,,,
0,real,id04684,p70KpE_sW5c,415,0.01,0.0,11.46,31.96,,,
1,fake_audio_only,id02102,FQCb_CeS8H4,141,0.18,97.61,58.15,24.17,,,
1,fake_both,id06856,XB1T8Z27t-A,114,0.0,11.72,42.63,48.46,,,
1,fake_audio_only,id06792,2tMSooF-AdQ,17,0.0,0.0,69.53,31.76,,,
1,fake_audio_only,id07107,ZY8Zf5UX7f0,62,0.0,0.18,9.44,30.59,,,
0,real,id01100,D2VYFFRrh-I,85,0.03,0.01,99.85,51.51,,,
1,fake_both,id08573,50nsvwtmZ14,116,0.0,37.2,4.12,31.3,,,
1,fake_audio_only,id04738,uXS0j_FpV3U,480,0.01,0.14,98.54,89.16,,,
1,fake_video_only,id08459,qkbVOw6AxTg,156,0.0,0.0,16.6,39.53,,,
1,fake_audio_only,id03706,cRahVO8mzmI,239,0.23,67.45,92.29,27.59,,,
1,fake_audio_only,id03942,gT-06I3OYYE,448,0.03,0.01,84.52,53.81,,,
0,real,id04265,GXHs3QzxwVM,101,0.0,0.0,0.96,49.27,,,
1,fake_video_only,id00788,POzxCNQ-lYg,171,21.86,0.0,14.39,31.15,,,
1,fake_audio_only,id06913,fRl2TZjcrEw,103,0.0,100.0,94.63,25.39,,,
1,fake_both,id01101,WxdDTmXNKO8,227,0.0,0.07,96.09,30.32,,,
1,fake_audio_only,id03312,vxF8TluB61E,474,0.0,0.07,99.85,33.2,,,
1,fake_video_only,id06949,tvHSWj_tAlI,416,0.14,0.11,7.46,36.43,,,
0,real,id07415,2S7YVycjgc4,33,0.01,0.0,28.66,81.3,,,
1,fake_video_only,id08374,6KLVg239Wv4,29,0.0,0.0,19.74,33.2,,,
1,fake_video_only,id01931,Oizr-1YLmJE,245,0.01,0.0,56.69,37.94,,,
0,real,id05575,5RihSvIxtks,1,0.06,0.0,2.31,31.45,,,
1,fake_video_only,id01741,rX1OnRVWMK8,153,0.01,0.01,2.04,27.76,,,
1,fake_both,id05152,0SrzOUNS8bg,2,0.08,0.41,2.68,29.76,,,
0,real,id07628,p1_TpKK8Cnc,107,0.14,0.0,56.88,32.23,,,
1,fake_video_only,id08917,a-f4DDnGSBc,268,0.0,0.0,2.17,86.33,,,
1,fake_both,id01193,JdgRjzUIfLk,154,0.0,100.0,4.1,26.2,,,
1,fake_video_only,id01040,yWv210QWOFE,441,0.91,0.0,99.37,28.42,,,
1,fake_video_only,id08968,xcrAVJ8uWHw,473,0.0,0.0,99.85,27.22,,,
1,fake_video_only,id02317,Mv16h1Bx7HE,241,0.44,0.88,45.09,29.86,,,
1,fake_both,id07959,uLrUk1LU--k,114,0.0,0.08,2.06,34.33,,,
1,fake_video_only,id00699,v2a6sGaSlgw,442,0.16,0.02,96.83,26.05,,,
1,fake_audio_only,id05402,4K-V4CCG2QU,7,0.0,100.0,5.23,26.71,,,
0,real,id01769,1BE8azu05ZQ,2,2.47,0.0,99.56,29.71,,,
1,fake_audio_only,id03840,L2XYtPRPQbE,34,0.0,0.19,2.21,27.27,,,
1,fake_both,id01010,NMjJSDeOkm4,160,0.0,99.59,1.05,33.45,,,
0,real,id06350,QOH8v0Bac6I,43,0.0,0.0,88.28,34.96,,,
1,fake_video_only,id07497,70ZlQE5KqH0,44,0.04,0.41,99.85,45.78,,,
0,real,id01225,Ooy8Z-LIuwo,232,0.0,0.0,57.37,30.62,,,
1,fake_video_only,id01906,qo8zpGv0CpM,422,0.0,0.0,99.95,35.33,,,
1,fake_video_only,id00017,gjYcaCzo7UU,107,0.0,0.0,23.63,35.91,,,
0,real,id05054,Zr-UL0kfaCE,245,0.0,0.0,5.02,31.96,,,
1,fake_video_only,id06692,7pWB7Qg92yg,71,0.01,0.01,5.19,33.28,,,
0,real,id01036,zbRfaIB9148,124,0.01,0.0,10.28,32.03,,,
1,fake_audio_only,id02271,syO11wutFh4,198,0.0,0.0,7.82,34.47,,,
0,real,id02148,q4aqfUBQCmw,74,0.0,0.0,9.97,29.64,,,
1,fake_audio_only,id02255,hbxykuZRQUI,56,0.0,0.09,90.43,31.47,,,
0,real,id00462,am-3aXjRJhg,353,0.0,0.0,0.83,30.86,,,
0,real,id00529,yOkd_TsfDq4,446,0.1,0.0,75.29,25.76,,,
1,fake_video_only,id03983,nPnMKJMhh8k,408,0.0,0.0,93.7,29.47,,,
1,fake_both,id04100,iklaJkRyORs,158,30.1,48.1,92.97,35.28,,,
1,fake_video_only,id04266,66PMqjUZ3V4,79,0.01,0.01,9.4,34.3,,,
0,real,id07531,uuSS8XvHU_E,381,0.02,0.0,7.86,33.03,,,
